2026-04-10 09:05:26 [background-preinit] INFO  o.h.validator.internal.util.Version - HV000001: Hibernate Validator 9.0.1.Final
2026-04-10 09:05:26 [main] INFO  org.example.demo.DemoApplication - Starting DemoApplication using Java 23.0.2 with PID 15972 (C:\workspace\sample\demo\target\classes started by phucn in C:\workspace\sample\demo)
2026-04-10 09:05:26 [main] INFO  org.example.demo.DemoApplication - No active profile set, falling back to 1 default profile: "default"
2026-04-10 09:05:27 [main] INFO  o.s.d.r.c.RepositoryConfigurationDelegate - Bootstrapping Spring Data JPA repositories in DEFAULT mode.
2026-04-10 09:05:27 [main] INFO  o.s.d.r.c.RepositoryConfigurationDelegate - Finished Spring Data repository scanning in 58 ms. Found 3 JPA repository interfaces.
2026-04-10 09:05:28 [main] INFO  o.s.boot.tomcat.TomcatWebServer - Tomcat initialized with port 8080 (http)
2026-04-10 09:05:28 [main] INFO  o.a.coyote.http11.Http11NioProtocol - Initializing ProtocolHandler ["http-nio-8080"]
2026-04-10 09:05:28 [main] INFO  o.a.catalina.core.StandardService - Starting service [Tomcat]
2026-04-10 09:05:28 [main] INFO  o.a.catalina.core.StandardEngine - Starting Servlet engine: [Apache Tomcat/11.0.20]
2026-04-10 09:05:28 [main] INFO  o.s.b.w.c.s.WebApplicationContextInitializer - Root WebApplicationContext: initialization completed in 1753 ms
2026-04-10 09:05:28 [main] INFO  org.hibernate.orm.jpa - HHH008540: Processing PersistenceUnitInfo [name: default]
2026-04-10 09:05:28 [main] INFO  org.hibernate.orm.core - HHH000001: Hibernate ORM core version 7.2.7.Final
2026-04-10 09:05:29 [main] INFO  o.s.o.j.p.SpringPersistenceUnitInfo - No LoadTimeWeaver setup: ignoring JPA class transformer
2026-04-10 09:05:29 [main] INFO  com.zaxxer.hikari.HikariDataSource - HikariPool-1 - Starting...
2026-04-10 09:05:29 [main] INFO  com.zaxxer.hikari.pool.HikariPool - HikariPool-1 - Added connection com.mysql.cj.jdbc.ConnectionImpl@3c9971af
2026-04-10 09:05:29 [main] INFO  com.zaxxer.hikari.HikariDataSource - HikariPool-1 - Start completed.
2026-04-10 09:05:29 [main] INFO  o.hibernate.orm.connections.pooling - HHH10001005: Database info:
	Database JDBC URL [jdbc:mysql://localhost:3306/learning]
	Database driver: MySQL Connector/J
	Database dialect: MySQLDialect
	Database version: 8.0.40
	Default catalog/schema: learning/undefined
	Autocommit mode: undefined/unknown
	Isolation level: REPEATABLE_READ [default REPEATABLE_READ]
	JDBC fetch size: none
	Pool: DataSourceConnectionProvider
	Minimum pool size: undefined/unknown
	Maximum pool size: undefined/unknown
2026-04-10 09:05:30 [main] INFO  org.hibernate.orm.core - HHH000489: No JTA platform available (set 'hibernate.transaction.jta.platform' to enable JTA platform integration)
2026-04-10 09:05:31 [main] INFO  o.s.o.j.LocalContainerEntityManagerFactoryBean - Initialized JPA EntityManagerFactory for persistence unit 'default'
2026-04-10 09:05:31 [main] INFO  o.s.d.j.r.q.QueryEnhancerFactories - Hibernate is in classpath; If applicable, HQL parser will be used.
2026-04-10 09:05:31 [main] INFO  o.s.s.c.a.a.c.InitializeAuthenticationProviderBeanManagerConfigurer$InitializeAuthenticationProviderManagerConfigurer - Global AuthenticationManager configured with AuthenticationProvider bean with name authenticationProvider
2026-04-10 09:05:31 [main] WARN  o.s.s.c.a.a.c.InitializeUserDetailsBeanManagerConfigurer$InitializeUserDetailsManagerConfigurer - Global AuthenticationManager configured with an AuthenticationProvider bean. UserDetailsService beans will not be used by Spring Security for automatically configuring username/password login. Consider removing the AuthenticationProvider bean. Alternatively, consider using the UserDetailsService in a manually instantiated DaoAuthenticationProvider. If the current configuration is intentional, to turn off this warning, increase the logging level of 'org.springframework.security.config.annotation.authentication.configuration.InitializeUserDetailsBeanManagerConfigurer' to ERROR
2026-04-10 09:05:31 [main] WARN  o.s.b.j.a.JpaBaseConfiguration$JpaWebConfiguration - spring.jpa.open-in-view is enabled by default. Therefore, database queries may be performed during view rendering. Explicitly configure spring.jpa.open-in-view to disable this warning
2026-04-10 09:05:32 [main] INFO  o.a.coyote.http11.Http11NioProtocol - Starting ProtocolHandler ["http-nio-8080"]
2026-04-10 09:05:32 [main] INFO  o.s.boot.tomcat.TomcatWebServer - Tomcat started on port 8080 (http) with context path '/'
2026-04-10 09:05:32 [main] INFO  org.example.demo.DemoApplication - Started DemoApplication in 6.583 seconds (process running for 7.65)
2026-04-10 09:05:32 [main] WARN  o.s.c.events.SpringDocAppInitializer - SpringDoc /v3/api-docs endpoint is enabled by default. To disable it in production, set the property 'springdoc.api-docs.enabled=false'
2026-04-10 09:05:32 [main] WARN  o.s.c.events.SpringDocAppInitializer - SpringDoc /swagger-ui.html endpoint is enabled by default. To disable it in production, set the property 'springdoc.swagger-ui.enabled=false'
2026-04-10 09:05:58 [http-nio-8080-exec-1] INFO  o.a.c.c.C.[Tomcat].[localhost].[/] - Initializing Spring DispatcherServlet 'dispatcherServlet'
2026-04-10 09:05:58 [http-nio-8080-exec-1] INFO  o.s.web.servlet.DispatcherServlet - Initializing Servlet 'dispatcherServlet'
2026-04-10 09:05:58 [http-nio-8080-exec-1] INFO  o.s.web.servlet.DispatcherServlet - Completed initialization in 0 ms
2026-04-10 09:38:00 [SpringApplicationShutdownHook] INFO  o.s.boot.tomcat.GracefulShutdown - Commencing graceful shutdown. Waiting for active requests to complete
2026-04-10 09:38:00 [tomcat-shutdown] INFO  o.s.boot.tomcat.GracefulShutdown - Graceful shutdown complete
2026-04-10 09:38:00 [SpringApplicationShutdownHook] INFO  o.s.o.j.LocalContainerEntityManagerFactoryBean - Closing JPA EntityManagerFactory for persistence unit 'default'
2026-04-10 09:38:00 [SpringApplicationShutdownHook] INFO  com.zaxxer.hikari.HikariDataSource - HikariPool-1 - Shutdown initiated...
2026-04-10 09:38:00 [SpringApplicationShutdownHook] INFO  com.zaxxer.hikari.HikariDataSource - HikariPool-1 - Shutdown completed.
2026-04-10 09:38:06 [background-preinit] INFO  o.h.validator.internal.util.Version - HV000001: Hibernate Validator 9.0.1.Final
2026-04-10 09:38:06 [main] INFO  org.example.demo.DemoApplication - Starting DemoApplication using Java 23.0.2 with PID 16032 (C:\workspace\sample\demo\target\classes started by phucn in C:\workspace\sample\demo)
2026-04-10 09:38:06 [main] INFO  org.example.demo.DemoApplication - No active profile set, falling back to 1 default profile: "default"
2026-04-10 09:38:07 [main] INFO  o.s.d.r.c.RepositoryConfigurationDelegate - Bootstrapping Spring Data JPA repositories in DEFAULT mode.
2026-04-10 09:38:07 [main] INFO  o.s.d.r.c.RepositoryConfigurationDelegate - Finished Spring Data repository scanning in 54 ms. Found 3 JPA repository interfaces.
2026-04-10 09:38:07 [main] WARN  o.s.b.w.s.s.c.AnnotationConfigServletWebServerApplicationContext - Exception encountered during context initialization - cancelling refresh attempt: org.springframework.beans.factory.UnsatisfiedDependencyException: Error creating bean with name 'messageSource' defined in class path resource [org/example/demo/configs/LocalizationConfig.class]: Unsatisfied dependency expressed through method 'messageSource' parameter 0: No qualifying bean of type 'com.fasterxml.jackson.databind.ObjectMapper' available: expected at least 1 bean which qualifies as autowire candidate. Dependency annotations: {}
2026-04-10 09:38:07 [main] INFO  o.s.b.a.l.ConditionEvaluationReportLogger - 

Error starting ApplicationContext. To display the condition evaluation report re-run your application with 'debug' enabled.
2026-04-10 09:38:07 [main] ERROR o.s.b.d.LoggingFailureAnalysisReporter - 

***************************
APPLICATION FAILED TO START
***************************

Description:

Parameter 0 of method messageSource in org.example.demo.configs.LocalizationConfig required a bean of type 'com.fasterxml.jackson.databind.ObjectMapper' that could not be found.


Action:

Consider defining a bean of type 'com.fasterxml.jackson.databind.ObjectMapper' in your configuration.

2026-04-10 09:38:46 [background-preinit] INFO  o.h.validator.internal.util.Version - HV000001: Hibernate Validator 9.0.1.Final
2026-04-10 09:38:46 [main] INFO  o.example.demo.DemoApplicationTests - Starting DemoApplicationTests using Java 23.0.2 with PID 11744 (started by phucn in C:\workspace\sample\demo)
2026-04-10 09:38:46 [main] INFO  o.example.demo.DemoApplicationTests - No active profile set, falling back to 1 default profile: "default"
2026-04-10 09:38:47 [main] INFO  o.s.d.r.c.RepositoryConfigurationDelegate - Bootstrapping Spring Data JPA repositories in DEFAULT mode.
2026-04-10 09:38:47 [main] INFO  o.s.d.r.c.RepositoryConfigurationDelegate - Finished Spring Data repository scanning in 65 ms. Found 3 JPA repository interfaces.
2026-04-10 09:38:47 [main] WARN  o.s.w.c.s.GenericWebApplicationContext - Exception encountered during context initialization - cancelling refresh attempt: org.springframework.beans.factory.UnsatisfiedDependencyException: Error creating bean with name 'messageSource' defined in class path resource [org/example/demo/configs/LocalizationConfig.class]: Unsatisfied dependency expressed through method 'messageSource' parameter 0: No qualifying bean of type 'com.fasterxml.jackson.databind.ObjectMapper' available: expected at least 1 bean which qualifies as autowire candidate. Dependency annotations: {}
2026-04-10 09:38:47 [main] INFO  o.s.b.a.l.ConditionEvaluationReportLogger - 

Error starting ApplicationContext. To display the condition evaluation report re-run your application with 'debug' enabled.
2026-04-10 09:38:47 [main] ERROR o.s.b.d.LoggingFailureAnalysisReporter - 

***************************
APPLICATION FAILED TO START
***************************

Description:

Parameter 0 of method messageSource in org.example.demo.configs.LocalizationConfig required a bean of type 'com.fasterxml.jackson.databind.ObjectMapper' that could not be found.


Action:

Consider defining a bean of type 'com.fasterxml.jackson.databind.ObjectMapper' in your configuration.

2026-04-10 09:38:47 [main] WARN  o.s.test.context.TestContextManager - Caught exception while allowing TestExecutionListener [org.springframework.test.context.web.ServletTestExecutionListener] to prepare test instance [org.example.demo.DemoApplicationTests@67b5e613]
java.lang.IllegalStateException: Failed to load ApplicationContext for [WebMergedContextConfiguration@4e7bc939 testClass = org.example.demo.DemoApplicationTests, locations = [], classes = [org.example.demo.DemoApplication], contextInitializerClasses = [], activeProfiles = [], propertySourceDescriptors = [], propertySourceProperties = ["org.springframework.boot.test.context.SpringBootTestContextBootstrapper=true"], contextCustomizers = [org.springframework.boot.test.context.PropertyMappingContextCustomizer@0, org.springframework.boot.test.context.filter.ExcludeFilterContextCustomizer@625e134e, org.springframework.boot.test.json.DuplicateJsonObjectContextCustomizerFactory$DuplicateJsonObjectContextCustomizer@7b139eab, org.springframework.boot.test.autoconfigure.OnFailureConditionReportContextCustomizerFactory$OnFailureConditionReportContextCustomizer@5f2f577, org.springframework.test.context.support.DynamicPropertiesContextCustomizer@0, org.springframework.boot.webmvc.test.autoconfigure.WebDriverContextCustomizer@1849db1a, org.springframework.boot.web.server.context.SpringBootTestRandomPortContextCustomizer@5fcacc0, org.springframework.boot.test.context.SpringBootTestAnnotation@6bacc7d3], resourceBasePath = "src/main/webapp", contextLoader = org.springframework.boot.test.context.SpringBootContextLoader, parent = null]
	at org.springframework.test.context.cache.DefaultCacheAwareContextLoaderDelegate.lambda$loadContext$0(DefaultCacheAwareContextLoaderDelegate.java:195)
	at org.springframework.test.context.cache.DefaultContextCache.put(DefaultContextCache.java:214)
	at org.springframework.test.context.cache.DefaultCacheAwareContextLoaderDelegate.loadContext(DefaultCacheAwareContextLoaderDelegate.java:160)
	at org.springframework.test.context.support.DefaultTestContext.getApplicationContext(DefaultTestContext.java:128)
	at org.springframework.test.context.web.ServletTestExecutionListener.setUpRequestContextIfNecessary(ServletTestExecutionListener.java:200)
	at org.springframework.test.context.web.ServletTestExecutionListener.prepareTestInstance(ServletTestExecutionListener.java:139)
	at org.springframework.test.context.TestContextManager.prepareTestInstance(TestContextManager.java:260)
	at org.springframework.test.context.junit.jupiter.SpringExtension.postProcessTestInstance(SpringExtension.java:210)
	at org.junit.jupiter.engine.descriptor.ClassBasedTestDescriptor.lambda$invokeTestInstancePostProcessors$1(ClassBasedTestDescriptor.java:423)
	at org.junit.jupiter.engine.descriptor.ClassBasedTestDescriptor.executeAndMaskThrowable(ClassBasedTestDescriptor.java:428)
	at org.junit.jupiter.engine.descriptor.ClassBasedTestDescriptor.lambda$invokeTestInstancePostProcessors$0(ClassBasedTestDescriptor.java:422)
	at java.base/java.util.stream.ForEachOps$ForEachOp$OfRef.accept(ForEachOps.java:184)
	at java.base/java.util.stream.ReferencePipeline$3$1.accept(ReferencePipeline.java:215)
	at java.base/java.util.stream.ReferencePipeline$2$1.accept(ReferencePipeline.java:197)
	at java.base/java.util.stream.ReferencePipeline$3$1.accept(ReferencePipeline.java:215)
	at java.base/java.util.ArrayList$ArrayListSpliterator.forEachRemaining(ArrayList.java:1709)
	at java.base/java.util.stream.AbstractPipeline.copyInto(AbstractPipeline.java:570)
	at java.base/java.util.stream.AbstractPipeline.wrapAndCopyInto(AbstractPipeline.java:560)
	at java.base/java.util.stream.ForEachOps$ForEachOp.evaluateSequential(ForEachOps.java:151)
	at java.base/java.util.stream.ForEachOps$ForEachOp$OfRef.evaluateSequential(ForEachOps.java:174)
	at java.base/java.util.stream.AbstractPipeline.evaluate(AbstractPipeline.java:265)
	at java.base/java.util.stream.ReferencePipeline.forEach(ReferencePipeline.java:636)
	at org.junit.jupiter.engine.descriptor.ClassBasedTestDescriptor.invokeTestInstancePostProcessors(ClassBasedTestDescriptor.java:422)
	at org.junit.jupiter.engine.descriptor.ClassBasedTestDescriptor.lambda$instantiateAndPostProcessTestInstance$0(ClassBasedTestDescriptor.java:334)
	at org.junit.platform.engine.support.hierarchical.ThrowableCollector.execute(ThrowableCollector.java:74)
	at org.junit.jupiter.engine.descriptor.ClassBasedTestDescriptor.instantiateAndPostProcessTestInstance(ClassBasedTestDescriptor.java:333)
	at org.junit.jupiter.engine.descriptor.ClassBasedTestDescriptor.lambda$testInstancesProvider$1(ClassBasedTestDescriptor.java:322)
	at java.base/java.util.Optional.orElseGet(Optional.java:364)
	at org.junit.jupiter.engine.descriptor.ClassBasedTestDescriptor.lambda$testInstancesProvider$0(ClassBasedTestDescriptor.java:321)
	at org.junit.jupiter.engine.execution.TestInstancesProvider.getTestInstances(TestInstancesProvider.java:27)
	at org.junit.jupiter.engine.descriptor.TestMethodTestDescriptor.lambda$prepare$0(TestMethodTestDescriptor.java:127)
	at org.junit.platform.engine.support.hierarchical.ThrowableCollector.execute(ThrowableCollector.java:74)
	at org.junit.jupiter.engine.descriptor.TestMethodTestDescriptor.prepare(TestMethodTestDescriptor.java:126)
	at org.junit.jupiter.engine.descriptor.TestMethodTestDescriptor.prepare(TestMethodTestDescriptor.java:70)
	at org.junit.platform.engine.support.hierarchical.NodeTestTask.lambda$prepare$0(NodeTestTask.java:144)
	at org.junit.platform.engine.support.hierarchical.ThrowableCollector.execute(ThrowableCollector.java:74)
	at org.junit.platform.engine.support.hierarchical.NodeTestTask.prepare(NodeTestTask.java:144)
	at org.junit.platform.engine.support.hierarchical.NodeTestTask.execute(NodeTestTask.java:110)
	at java.base/java.util.ArrayList.forEach(ArrayList.java:1597)
	at org.junit.platform.engine.support.hierarchical.SameThreadHierarchicalTestExecutorService.invokeAll(SameThreadHierarchicalTestExecutorService.java:42)
	at org.junit.platform.engine.support.hierarchical.NodeTestTask.lambda$executeRecursively$2(NodeTestTask.java:180)
	at org.junit.platform.engine.support.hierarchical.ThrowableCollector.execute(ThrowableCollector.java:74)
	at org.junit.platform.engine.support.hierarchical.NodeTestTask.lambda$executeRecursively$1(NodeTestTask.java:166)
	at org.junit.platform.engine.support.hierarchical.Node.around(Node.java:138)
	at org.junit.platform.engine.support.hierarchical.NodeTestTask.lambda$executeRecursively$0(NodeTestTask.java:164)
	at org.junit.platform.engine.support.hierarchical.ThrowableCollector.execute(ThrowableCollector.java:74)
	at org.junit.platform.engine.support.hierarchical.NodeTestTask.executeRecursively(NodeTestTask.java:163)
	at org.junit.platform.engine.support.hierarchical.NodeTestTask.execute(NodeTestTask.java:116)
	at java.base/java.util.ArrayList.forEach(ArrayList.java:1597)
	at org.junit.platform.engine.support.hierarchical.SameThreadHierarchicalTestExecutorService.invokeAll(SameThreadHierarchicalTestExecutorService.java:42)
	at org.junit.platform.engine.support.hierarchical.NodeTestTask.lambda$executeRecursively$2(NodeTestTask.java:180)
	at org.junit.platform.engine.support.hierarchical.ThrowableCollector.execute(ThrowableCollector.java:74)
	at org.junit.platform.engine.support.hierarchical.NodeTestTask.lambda$executeRecursively$1(NodeTestTask.java:166)
	at org.junit.platform.engine.support.hierarchical.Node.around(Node.java:138)
	at org.junit.platform.engine.support.hierarchical.NodeTestTask.lambda$executeRecursively$0(NodeTestTask.java:164)
	at org.junit.platform.engine.support.hierarchical.ThrowableCollector.execute(ThrowableCollector.java:74)
	at org.junit.platform.engine.support.hierarchical.NodeTestTask.executeRecursively(NodeTestTask.java:163)
	at org.junit.platform.engine.support.hierarchical.NodeTestTask.execute(NodeTestTask.java:116)
	at org.junit.platform.engine.support.hierarchical.SameThreadHierarchicalTestExecutorService.submit(SameThreadHierarchicalTestExecutorService.java:36)
	at org.junit.platform.engine.support.hierarchical.HierarchicalTestExecutor.execute(HierarchicalTestExecutor.java:52)
	at org.junit.platform.engine.support.hierarchical.HierarchicalTestEngine.execute(HierarchicalTestEngine.java:58)
	at org.junit.platform.launcher.core.EngineExecutionOrchestrator.executeEngine(EngineExecutionOrchestrator.java:246)
	at org.junit.platform.launcher.core.EngineExecutionOrchestrator.failOrExecuteEngine(EngineExecutionOrchestrator.java:218)
	at org.junit.platform.launcher.core.EngineExecutionOrchestrator.execute(EngineExecutionOrchestrator.java:179)
	at org.junit.platform.launcher.core.EngineExecutionOrchestrator.execute(EngineExecutionOrchestrator.java:108)
	at org.junit.platform.launcher.core.EngineExecutionOrchestrator.lambda$execute$0(EngineExecutionOrchestrator.java:66)
	at org.junit.platform.launcher.core.EngineExecutionOrchestrator.withInterceptedStreams(EngineExecutionOrchestrator.java:157)
	at org.junit.platform.launcher.core.EngineExecutionOrchestrator.execute(EngineExecutionOrchestrator.java:65)
	at org.junit.platform.launcher.core.DefaultLauncher.execute(DefaultLauncher.java:125)
	at org.junit.platform.launcher.core.DefaultLauncher.execute(DefaultLauncher.java:114)
	at org.junit.platform.launcher.core.DelegatingLauncher.execute(DelegatingLauncher.java:58)
	at org.junit.platform.launcher.core.InterceptingLauncher.lambda$execute$2(InterceptingLauncher.java:57)
	at org.junit.platform.launcher.core.ClasspathAlignmentCheckingLauncherInterceptor.intercept(ClasspathAlignmentCheckingLauncherInterceptor.java:25)
	at org.junit.platform.launcher.core.InterceptingLauncher.execute(InterceptingLauncher.java:56)
	at org.junit.platform.launcher.core.DelegatingLauncher.execute(DelegatingLauncher.java:58)
	at java.base/jdk.internal.reflect.DirectMethodHandleAccessor.invoke(DirectMethodHandleAccessor.java:103)
	at java.base/java.lang.reflect.Method.invoke(Method.java:580)
	at org.apache.maven.surefire.api.util.ReflectionUtils.invokeMethodWithArray(ReflectionUtils.java:125)
	at org.apache.maven.surefire.junitplatform.LauncherAdapter.executeWithCancellationToken(LauncherAdapter.java:68)
	at org.apache.maven.surefire.junitplatform.LauncherAdapter.execute(LauncherAdapter.java:54)
	at org.apache.maven.surefire.junitplatform.JUnitPlatformProvider.execute(JUnitPlatformProvider.java:203)
	at org.apache.maven.surefire.junitplatform.JUnitPlatformProvider.invokeAllTests(JUnitPlatformProvider.java:168)
	at org.apache.maven.surefire.junitplatform.JUnitPlatformProvider.invoke(JUnitPlatformProvider.java:136)
	at org.apache.maven.surefire.booter.ForkedBooter.runSuitesInProcess(ForkedBooter.java:385)
	at org.apache.maven.surefire.booter.ForkedBooter.execute(ForkedBooter.java:162)
	at org.apache.maven.surefire.booter.ForkedBooter.run(ForkedBooter.java:507)
	at org.apache.maven.surefire.booter.ForkedBooter.main(ForkedBooter.java:495)
Caused by: org.springframework.beans.factory.UnsatisfiedDependencyException: Error creating bean with name 'messageSource' defined in class path resource [org/example/demo/configs/LocalizationConfig.class]: Unsatisfied dependency expressed through method 'messageSource' parameter 0: No qualifying bean of type 'com.fasterxml.jackson.databind.ObjectMapper' available: expected at least 1 bean which qualifies as autowire candidate. Dependency annotations: {}
	at org.springframework.beans.factory.support.ConstructorResolver.createArgumentArray(ConstructorResolver.java:804)
	at org.springframework.beans.factory.support.ConstructorResolver.instantiateUsingFactoryMethod(ConstructorResolver.java:546)
	at org.springframework.beans.factory.support.AbstractAutowireCapableBeanFactory.instantiateUsingFactoryMethod(AbstractAutowireCapableBeanFactory.java:1362)
	at org.springframework.beans.factory.support.AbstractAutowireCapableBeanFactory.createBeanInstance(AbstractAutowireCapableBeanFactory.java:1194)
	at org.springframework.beans.factory.support.AbstractAutowireCapableBeanFactory.doCreateBean(AbstractAutowireCapableBeanFactory.java:565)
	at org.springframework.beans.factory.support.AbstractAutowireCapableBeanFactory.createBean(AbstractAutowireCapableBeanFactory.java:525)
	at org.springframework.beans.factory.support.AbstractBeanFactory.lambda$doGetBean$0(AbstractBeanFactory.java:333)
	at org.springframework.beans.factory.support.DefaultSingletonBeanRegistry.getSingleton(DefaultSingletonBeanRegistry.java:371)
	at org.springframework.beans.factory.support.AbstractBeanFactory.doGetBean(AbstractBeanFactory.java:331)
	at org.springframework.beans.factory.support.AbstractBeanFactory.getBean(AbstractBeanFactory.java:201)
	at org.springframework.context.support.AbstractApplicationContext.initMessageSource(AbstractApplicationContext.java:823)
	at org.springframework.context.support.AbstractApplicationContext.refresh(AbstractApplicationContext.java:609)
	at org.springframework.boot.SpringApplication.refresh(SpringApplication.java:756)
	at org.springframework.boot.SpringApplication.refreshContext(SpringApplication.java:445)
	at org.springframework.boot.SpringApplication.run(SpringApplication.java:321)
	at org.springframework.boot.test.context.SpringBootContextLoader.lambda$loadContext$2(SpringBootContextLoader.java:155)
	at org.springframework.util.function.ThrowingSupplier.get(ThrowingSupplier.java:58)
	at org.springframework.util.function.ThrowingSupplier.get(ThrowingSupplier.java:46)
	at org.springframework.boot.SpringApplication.withHook(SpringApplication.java:1465)
	at org.springframework.boot.test.context.SpringBootContextLoader$ContextLoaderHook.run(SpringBootContextLoader.java:600)
	at org.springframework.boot.test.context.SpringBootContextLoader.loadContext(SpringBootContextLoader.java:155)
	at org.springframework.boot.test.context.SpringBootContextLoader.loadContext(SpringBootContextLoader.java:114)
	at org.springframework.test.context.cache.DefaultCacheAwareContextLoaderDelegate.loadContextInternal(DefaultCacheAwareContextLoaderDelegate.java:247)
	at org.springframework.test.context.cache.DefaultCacheAwareContextLoaderDelegate.lambda$loadContext$0(DefaultCacheAwareContextLoaderDelegate.java:167)
	... 86 common frames omitted
Caused by: org.springframework.beans.factory.NoSuchBeanDefinitionException: No qualifying bean of type 'com.fasterxml.jackson.databind.ObjectMapper' available: expected at least 1 bean which qualifies as autowire candidate. Dependency annotations: {}
	at org.springframework.beans.factory.support.DefaultListableBeanFactory.raiseNoMatchingBeanFound(DefaultListableBeanFactory.java:2297)
	at org.springframework.beans.factory.support.DefaultListableBeanFactory.doResolveDependency(DefaultListableBeanFactory.java:1725)
	at org.springframework.beans.factory.support.DefaultListableBeanFactory.resolveDependency(DefaultListableBeanFactory.java:1651)
	at org.springframework.beans.factory.support.ConstructorResolver.resolveAutowiredArgument(ConstructorResolver.java:912)
	at org.springframework.beans.factory.support.ConstructorResolver.createArgumentArray(ConstructorResolver.java:791)
	... 109 common frames omitted
2026-04-10 09:38:58 [background-preinit] INFO  o.h.validator.internal.util.Version - HV000001: Hibernate Validator 9.0.1.Final
2026-04-10 09:38:58 [main] INFO  org.example.demo.DemoApplication - Starting DemoApplication using Java 23.0.2 with PID 15460 (C:\workspace\sample\demo\target\classes started by phucn in C:\workspace\sample\demo)
2026-04-10 09:38:58 [main] INFO  org.example.demo.DemoApplication - No active profile set, falling back to 1 default profile: "default"
2026-04-10 09:38:59 [main] INFO  o.s.d.r.c.RepositoryConfigurationDelegate - Bootstrapping Spring Data JPA repositories in DEFAULT mode.
2026-04-10 09:38:59 [main] INFO  o.s.d.r.c.RepositoryConfigurationDelegate - Finished Spring Data repository scanning in 63 ms. Found 3 JPA repository interfaces.
2026-04-10 09:38:59 [main] WARN  o.s.b.w.s.s.c.AnnotationConfigServletWebServerApplicationContext - Exception encountered during context initialization - cancelling refresh attempt: org.springframework.beans.factory.UnsatisfiedDependencyException: Error creating bean with name 'messageSource' defined in class path resource [org/example/demo/configs/LocalizationConfig.class]: Unsatisfied dependency expressed through method 'messageSource' parameter 0: No qualifying bean of type 'com.fasterxml.jackson.databind.ObjectMapper' available: expected at least 1 bean which qualifies as autowire candidate. Dependency annotations: {}
2026-04-10 09:38:59 [main] INFO  o.s.b.a.l.ConditionEvaluationReportLogger - 

Error starting ApplicationContext. To display the condition evaluation report re-run your application with 'debug' enabled.
2026-04-10 09:38:59 [main] ERROR o.s.b.d.LoggingFailureAnalysisReporter - 

***************************
APPLICATION FAILED TO START
***************************

Description:

Parameter 0 of method messageSource in org.example.demo.configs.LocalizationConfig required a bean of type 'com.fasterxml.jackson.databind.ObjectMapper' that could not be found.


Action:

Consider defining a bean of type 'com.fasterxml.jackson.databind.ObjectMapper' in your configuration.

2026-04-10 09:39:54 [background-preinit] INFO  o.h.validator.internal.util.Version - HV000001: Hibernate Validator 9.0.1.Final
2026-04-10 09:39:54 [main] INFO  org.example.demo.DemoApplication - Starting DemoApplication using Java 23.0.2 with PID 15288 (C:\workspace\sample\demo\target\classes started by phucn in C:\workspace\sample\demo)
2026-04-10 09:39:54 [main] INFO  org.example.demo.DemoApplication - No active profile set, falling back to 1 default profile: "default"
2026-04-10 09:39:54 [main] INFO  o.s.d.r.c.RepositoryConfigurationDelegate - Bootstrapping Spring Data JPA repositories in DEFAULT mode.
2026-04-10 09:39:55 [main] INFO  o.s.d.r.c.RepositoryConfigurationDelegate - Finished Spring Data repository scanning in 65 ms. Found 3 JPA repository interfaces.
2026-04-10 09:39:55 [main] WARN  o.s.b.w.s.s.c.AnnotationConfigServletWebServerApplicationContext - Exception encountered during context initialization - cancelling refresh attempt: org.springframework.beans.factory.UnsatisfiedDependencyException: Error creating bean with name 'messageSource' defined in class path resource [org/example/demo/configs/LocalizationConfig.class]: Unsatisfied dependency expressed through method 'messageSource' parameter 0: No qualifying bean of type 'com.fasterxml.jackson.databind.ObjectMapper' available: expected at least 1 bean which qualifies as autowire candidate. Dependency annotations: {}
2026-04-10 09:39:55 [main] INFO  o.s.b.a.l.ConditionEvaluationReportLogger - 

Error starting ApplicationContext. To display the condition evaluation report re-run your application with 'debug' enabled.
2026-04-10 09:39:55 [main] ERROR o.s.b.d.LoggingFailureAnalysisReporter - 

***************************
APPLICATION FAILED TO START
***************************

Description:

Parameter 0 of method messageSource in org.example.demo.configs.LocalizationConfig required a bean of type 'com.fasterxml.jackson.databind.ObjectMapper' that could not be found.


Action:

Consider defining a bean of type 'com.fasterxml.jackson.databind.ObjectMapper' in your configuration.

2026-04-10 09:40:19 [background-preinit] INFO  o.h.validator.internal.util.Version - HV000001: Hibernate Validator 9.0.1.Final
2026-04-10 09:40:19 [main] INFO  org.example.demo.DemoApplication - Starting DemoApplication using Java 23.0.2 with PID 2516 (C:\workspace\sample\demo\target\classes started by phucn in C:\workspace\sample\demo)
2026-04-10 09:40:19 [main] INFO  org.example.demo.DemoApplication - No active profile set, falling back to 1 default profile: "default"
2026-04-10 09:40:20 [main] INFO  o.s.d.r.c.RepositoryConfigurationDelegate - Bootstrapping Spring Data JPA repositories in DEFAULT mode.
2026-04-10 09:40:20 [main] INFO  o.s.d.r.c.RepositoryConfigurationDelegate - Finished Spring Data repository scanning in 54 ms. Found 3 JPA repository interfaces.
2026-04-10 09:40:21 [main] WARN  o.s.b.w.s.s.c.AnnotationConfigServletWebServerApplicationContext - Exception encountered during context initialization - cancelling refresh attempt: org.springframework.beans.factory.UnsatisfiedDependencyException: Error creating bean with name 'messageSource' defined in class path resource [org/example/demo/configs/LocalizationConfig.class]: Unsatisfied dependency expressed through method 'messageSource' parameter 0: No qualifying bean of type 'com.fasterxml.jackson.databind.ObjectMapper' available: expected at least 1 bean which qualifies as autowire candidate. Dependency annotations: {}
2026-04-10 09:40:21 [main] INFO  o.s.b.a.l.ConditionEvaluationReportLogger - 

Error starting ApplicationContext. To display the condition evaluation report re-run your application with 'debug' enabled.
2026-04-10 09:40:21 [main] ERROR o.s.b.d.LoggingFailureAnalysisReporter - 

***************************
APPLICATION FAILED TO START
***************************

Description:

Parameter 0 of method messageSource in org.example.demo.configs.LocalizationConfig required a bean of type 'com.fasterxml.jackson.databind.ObjectMapper' that could not be found.


Action:

Consider defining a bean of type 'com.fasterxml.jackson.databind.ObjectMapper' in your configuration.

2026-04-10 09:41:16 [background-preinit] INFO  o.h.validator.internal.util.Version - HV000001: Hibernate Validator 9.0.1.Final
2026-04-10 09:41:16 [main] INFO  org.example.demo.DemoApplication - Starting DemoApplication using Java 23.0.2 with PID 5404 (C:\workspace\sample\demo\target\classes started by phucn in C:\workspace\sample\demo)
2026-04-10 09:41:16 [main] INFO  org.example.demo.DemoApplication - No active profile set, falling back to 1 default profile: "default"
2026-04-10 09:41:17 [main] INFO  o.s.d.r.c.RepositoryConfigurationDelegate - Bootstrapping Spring Data JPA repositories in DEFAULT mode.
2026-04-10 09:41:17 [main] INFO  o.s.d.r.c.RepositoryConfigurationDelegate - Finished Spring Data repository scanning in 54 ms. Found 3 JPA repository interfaces.
2026-04-10 09:41:18 [main] INFO  o.s.boot.tomcat.TomcatWebServer - Tomcat initialized with port 8080 (http)
2026-04-10 09:41:18 [main] INFO  o.a.coyote.http11.Http11NioProtocol - Initializing ProtocolHandler ["http-nio-8080"]
2026-04-10 09:41:18 [main] INFO  o.a.catalina.core.StandardService - Starting service [Tomcat]
2026-04-10 09:41:18 [main] INFO  o.a.catalina.core.StandardEngine - Starting Servlet engine: [Apache Tomcat/11.0.20]
2026-04-10 09:41:18 [main] INFO  o.s.b.w.c.s.WebApplicationContextInitializer - Root WebApplicationContext: initialization completed in 1545 ms
2026-04-10 09:41:18 [main] INFO  org.hibernate.orm.jpa - HHH008540: Processing PersistenceUnitInfo [name: default]
2026-04-10 09:41:18 [main] INFO  org.hibernate.orm.core - HHH000001: Hibernate ORM core version 7.2.7.Final
2026-04-10 09:41:18 [main] INFO  o.s.o.j.p.SpringPersistenceUnitInfo - No LoadTimeWeaver setup: ignoring JPA class transformer
2026-04-10 09:41:18 [main] INFO  com.zaxxer.hikari.HikariDataSource - HikariPool-1 - Starting...
2026-04-10 09:41:19 [main] INFO  com.zaxxer.hikari.pool.HikariPool - HikariPool-1 - Added connection com.mysql.cj.jdbc.ConnectionImpl@61fa3583
2026-04-10 09:41:19 [main] INFO  com.zaxxer.hikari.HikariDataSource - HikariPool-1 - Start completed.
2026-04-10 09:41:19 [main] INFO  o.hibernate.orm.connections.pooling - HHH10001005: Database info:
	Database JDBC URL [jdbc:mysql://localhost:3306/learning]
	Database driver: MySQL Connector/J
	Database dialect: MySQLDialect
	Database version: 8.0.40
	Default catalog/schema: learning/undefined
	Autocommit mode: undefined/unknown
	Isolation level: REPEATABLE_READ [default REPEATABLE_READ]
	JDBC fetch size: none
	Pool: DataSourceConnectionProvider
	Minimum pool size: undefined/unknown
	Maximum pool size: undefined/unknown
2026-04-10 09:41:20 [main] INFO  org.hibernate.orm.core - HHH000489: No JTA platform available (set 'hibernate.transaction.jta.platform' to enable JTA platform integration)
2026-04-10 09:41:20 [main] INFO  o.s.o.j.LocalContainerEntityManagerFactoryBean - Initialized JPA EntityManagerFactory for persistence unit 'default'
2026-04-10 09:41:20 [main] INFO  o.s.d.j.r.q.QueryEnhancerFactories - Hibernate is in classpath; If applicable, HQL parser will be used.
2026-04-10 09:41:20 [main] INFO  o.s.s.c.a.a.c.InitializeAuthenticationProviderBeanManagerConfigurer$InitializeAuthenticationProviderManagerConfigurer - Global AuthenticationManager configured with AuthenticationProvider bean with name authenticationProvider
2026-04-10 09:41:20 [main] WARN  o.s.s.c.a.a.c.InitializeUserDetailsBeanManagerConfigurer$InitializeUserDetailsManagerConfigurer - Global AuthenticationManager configured with an AuthenticationProvider bean. UserDetailsService beans will not be used by Spring Security for automatically configuring username/password login. Consider removing the AuthenticationProvider bean. Alternatively, consider using the UserDetailsService in a manually instantiated DaoAuthenticationProvider. If the current configuration is intentional, to turn off this warning, increase the logging level of 'org.springframework.security.config.annotation.authentication.configuration.InitializeUserDetailsBeanManagerConfigurer' to ERROR
2026-04-10 09:41:21 [main] WARN  o.s.b.j.a.JpaBaseConfiguration$JpaWebConfiguration - spring.jpa.open-in-view is enabled by default. Therefore, database queries may be performed during view rendering. Explicitly configure spring.jpa.open-in-view to disable this warning
2026-04-10 09:41:21 [main] INFO  o.a.coyote.http11.Http11NioProtocol - Starting ProtocolHandler ["http-nio-8080"]
2026-04-10 09:41:21 [main] INFO  o.s.boot.tomcat.TomcatWebServer - Tomcat started on port 8080 (http) with context path '/'
2026-04-10 09:41:21 [main] INFO  org.example.demo.DemoApplication - Started DemoApplication in 5.89 seconds (process running for 6.672)
2026-04-10 09:41:21 [main] WARN  o.s.c.events.SpringDocAppInitializer - SpringDoc /v3/api-docs endpoint is enabled by default. To disable it in production, set the property 'springdoc.api-docs.enabled=false'
2026-04-10 09:41:21 [main] WARN  o.s.c.events.SpringDocAppInitializer - SpringDoc /swagger-ui.html endpoint is enabled by default. To disable it in production, set the property 'springdoc.swagger-ui.enabled=false'
2026-04-10 09:41:33 [http-nio-8080-exec-1] INFO  o.a.c.c.C.[Tomcat].[localhost].[/] - Initializing Spring DispatcherServlet 'dispatcherServlet'
2026-04-10 09:41:33 [http-nio-8080-exec-1] INFO  o.s.web.servlet.DispatcherServlet - Initializing Servlet 'dispatcherServlet'
2026-04-10 09:41:33 [http-nio-8080-exec-1] INFO  o.s.web.servlet.DispatcherServlet - Completed initialization in 2 ms
2026-04-10 09:41:55 [http-nio-8080-exec-3] INFO  o.e.demo.exception.ExceptionHandling - Validation failed | fields: [Field error in object 'productQueryRequest' on field 'page': rejected value [-1]; codes [Min.productQueryRequest.page,Min.page,Min.java.lang.Integer,Min]; arguments [org.springframework.context.support.DefaultMessageSourceResolvable: codes [productQueryRequest.page,page]; arguments []; default message [page],0]; default message [Page must be greater than or equal to 0.]] | message: Validation failed for argument [0] in public org.example.demo.common.ApiResponse<org.example.demo.dto.response.ProductPageResponse> org.example.demo.controllers.ProductController.getProducts(org.example.demo.dto.request.ProductQueryRequest): [Field error in object 'productQueryRequest' on field 'page': rejected value [-1]; codes [Min.productQueryRequest.page,Min.page,Min.java.lang.Integer,Min]; arguments [org.springframework.context.support.DefaultMessageSourceResolvable: codes [productQueryRequest.page,page]; arguments []; default message [page],0]; default message [Page must be greater than or equal to 0.]] 
2026-04-10 09:42:40 [http-nio-8080-exec-4] INFO  o.e.demo.exception.ExceptionHandling - Validation failed | fields: [Field error in object 'productQueryRequest' on field 'page': rejected value [1.6]; codes [typeMismatch.productQueryRequest.page,typeMismatch.page,typeMismatch.java.lang.Integer,typeMismatch]; arguments [org.springframework.context.support.DefaultMessageSourceResolvable: codes [productQueryRequest.page,page]; arguments []; default message [page]]; default message [Failed to convert value of type 'java.lang.String' to required type 'java.lang.Integer'; For input string: "1.6"]] | message: Validation failed for argument [0] in public org.example.demo.common.ApiResponse<org.example.demo.dto.response.ProductPageResponse> org.example.demo.controllers.ProductController.getProducts(org.example.demo.dto.request.ProductQueryRequest): [Field error in object 'productQueryRequest' on field 'page': rejected value [1.6]; codes [typeMismatch.productQueryRequest.page,typeMismatch.page,typeMismatch.java.lang.Integer,typeMismatch]; arguments [org.springframework.context.support.DefaultMessageSourceResolvable: codes [productQueryRequest.page,page]; arguments []; default message [page]]; default message [Failed to convert value of type 'java.lang.String' to required type 'java.lang.Integer'; For input string: "1.6"]] 
2026-04-10 09:43:03 [http-nio-8080-exec-1] INFO  o.e.demo.exception.ExceptionHandling - Validation failed | fields: [Field error in object 'productQueryRequest' on field 'page': rejected value [1.6]; codes [typeMismatch.productQueryRequest.page,typeMismatch.page,typeMismatch.java.lang.Integer,typeMismatch]; arguments [org.springframework.context.support.DefaultMessageSourceResolvable: codes [productQueryRequest.page,page]; arguments []; default message [page]]; default message [Failed to convert value of type 'java.lang.String' to required type 'java.lang.Integer'; For input string: "1.6"]] | message: Validation failed for argument [0] in public org.example.demo.common.ApiResponse<org.example.demo.dto.response.ProductPageResponse> org.example.demo.controllers.ProductController.getProducts(org.example.demo.dto.request.ProductQueryRequest): [Field error in object 'productQueryRequest' on field 'page': rejected value [1.6]; codes [typeMismatch.productQueryRequest.page,typeMismatch.page,typeMismatch.java.lang.Integer,typeMismatch]; arguments [org.springframework.context.support.DefaultMessageSourceResolvable: codes [productQueryRequest.page,page]; arguments []; default message [page]]; default message [Failed to convert value of type 'java.lang.String' to required type 'java.lang.Integer'; For input string: "1.6"]] 
2026-04-10 09:45:21 [http-nio-8080-exec-3] INFO  o.s.api.AbstractOpenApiResource - Init duration for springdoc-openapi is: 342 ms
2026-04-10 09:46:00 [http-nio-8080-exec-9] INFO  o.e.demo.exception.ExceptionHandling - Validation failed | fields: [Field error in object 'registerRequest' on field 'email': rejected value [userexample.com]; codes [Email.registerRequest.email,Email.email,Email.java.lang.String,Email]; arguments [org.springframework.context.support.DefaultMessageSourceResolvable: codes [registerRequest.email,email]; arguments []; default message [email],[Ljakarta.validation.constraints.Pattern$Flag;@37e04e7d,.*]; default message [Email is not valid.]] | message: Validation failed for argument [0] in public org.example.demo.common.ApiResponse<org.example.demo.dto.response.AuthResponse> org.example.demo.controllers.AuthController.signup(org.example.demo.dto.request.RegisterRequest): [Field error in object 'registerRequest' on field 'email': rejected value [userexample.com]; codes [Email.registerRequest.email,Email.email,Email.java.lang.String,Email]; arguments [org.springframework.context.support.DefaultMessageSourceResolvable: codes [registerRequest.email,email]; arguments []; default message [email],[Ljakarta.validation.constraints.Pattern$Flag;@37e04e7d,.*]; default message [Email is not valid.]] 
2026-04-10 09:47:18 [http-nio-8080-exec-4] INFO  o.e.demo.exception.ExceptionHandling - Validation failed | fields: [Field error in object 'productQueryRequest' on field 'page': rejected value [-29]; codes [Min.productQueryRequest.page,Min.page,Min.java.lang.Integer,Min]; arguments [org.springframework.context.support.DefaultMessageSourceResolvable: codes [productQueryRequest.page,page]; arguments []; default message [page],0]; default message [Page must be greater than or equal to 0.]] | message: Validation failed for argument [0] in public org.example.demo.common.ApiResponse<org.example.demo.dto.response.ProductPageResponse> org.example.demo.controllers.ProductController.getProducts(org.example.demo.dto.request.ProductQueryRequest): [Field error in object 'productQueryRequest' on field 'page': rejected value [-29]; codes [Min.productQueryRequest.page,Min.page,Min.java.lang.Integer,Min]; arguments [org.springframework.context.support.DefaultMessageSourceResolvable: codes [productQueryRequest.page,page]; arguments []; default message [page],0]; default message [Page must be greater than or equal to 0.]] 
2026-04-10 09:47:25 [http-nio-8080-exec-10] INFO  o.e.demo.exception.ExceptionHandling - Validation failed | fields: [Field error in object 'productQueryRequest' on field 'page': rejected value [1.6]; codes [typeMismatch.productQueryRequest.page,typeMismatch.page,typeMismatch.java.lang.Integer,typeMismatch]; arguments [org.springframework.context.support.DefaultMessageSourceResolvable: codes [productQueryRequest.page,page]; arguments []; default message [page]]; default message [Failed to convert value of type 'java.lang.String' to required type 'java.lang.Integer'; For input string: "1.6"]] | message: Validation failed for argument [0] in public org.example.demo.common.ApiResponse<org.example.demo.dto.response.ProductPageResponse> org.example.demo.controllers.ProductController.getProducts(org.example.demo.dto.request.ProductQueryRequest): [Field error in object 'productQueryRequest' on field 'page': rejected value [1.6]; codes [typeMismatch.productQueryRequest.page,typeMismatch.page,typeMismatch.java.lang.Integer,typeMismatch]; arguments [org.springframework.context.support.DefaultMessageSourceResolvable: codes [productQueryRequest.page,page]; arguments []; default message [page]]; default message [Failed to convert value of type 'java.lang.String' to required type 'java.lang.Integer'; For input string: "1.6"]] 
2026-04-10 10:09:32 [http-nio-8080-exec-3] INFO  o.e.demo.exception.ExceptionHandling - Validation failed | fields: [Field error in object 'productQueryRequest' on field 'page': rejected value [1.6]; codes [typeMismatch.productQueryRequest.page,typeMismatch.page,typeMismatch.java.lang.Integer,typeMismatch]; arguments [org.springframework.context.support.DefaultMessageSourceResolvable: codes [productQueryRequest.page,page]; arguments []; default message [page]]; default message [Failed to convert value of type 'java.lang.String' to required type 'java.lang.Integer'; For input string: "1.6"]] | message: Validation failed for argument [0] in public org.example.demo.common.ApiResponse<org.example.demo.dto.response.ProductPageResponse> org.example.demo.controllers.ProductController.getProducts(org.example.demo.dto.request.ProductQueryRequest): [Field error in object 'productQueryRequest' on field 'page': rejected value [1.6]; codes [typeMismatch.productQueryRequest.page,typeMismatch.page,typeMismatch.java.lang.Integer,typeMismatch]; arguments [org.springframework.context.support.DefaultMessageSourceResolvable: codes [productQueryRequest.page,page]; arguments []; default message [page]]; default message [Failed to convert value of type 'java.lang.String' to required type 'java.lang.Integer'; For input string: "1.6"]] 
2026-04-10 10:28:59 [SpringApplicationShutdownHook] INFO  o.s.boot.tomcat.GracefulShutdown - Commencing graceful shutdown. Waiting for active requests to complete
2026-04-10 10:28:59 [tomcat-shutdown] INFO  o.s.boot.tomcat.GracefulShutdown - Graceful shutdown complete
2026-04-10 10:28:59 [SpringApplicationShutdownHook] INFO  o.s.o.j.LocalContainerEntityManagerFactoryBean - Closing JPA EntityManagerFactory for persistence unit 'default'
2026-04-10 10:28:59 [SpringApplicationShutdownHook] INFO  com.zaxxer.hikari.HikariDataSource - HikariPool-1 - Shutdown initiated...
2026-04-10 10:28:59 [SpringApplicationShutdownHook] INFO  com.zaxxer.hikari.HikariDataSource - HikariPool-1 - Shutdown completed.
2026-04-10 10:29:03 [background-preinit] INFO  o.h.validator.internal.util.Version - HV000001: Hibernate Validator 9.0.1.Final
2026-04-10 10:29:03 [main] INFO  org.example.demo.DemoApplication - Starting DemoApplication using Java 23.0.2 with PID 18796 (C:\workspace\sample\demo\target\classes started by phucn in C:\workspace\sample\demo)
2026-04-10 10:29:03 [main] INFO  org.example.demo.DemoApplication - No active profile set, falling back to 1 default profile: "default"
2026-04-10 10:29:04 [main] INFO  o.s.d.r.c.RepositoryConfigurationDelegate - Bootstrapping Spring Data JPA repositories in DEFAULT mode.
2026-04-10 10:29:04 [main] INFO  o.s.d.r.c.RepositoryConfigurationDelegate - Finished Spring Data repository scanning in 56 ms. Found 3 JPA repository interfaces.
2026-04-10 10:29:05 [main] INFO  o.s.boot.tomcat.TomcatWebServer - Tomcat initialized with port 8080 (http)
2026-04-10 10:29:05 [main] INFO  o.a.coyote.http11.Http11NioProtocol - Initializing ProtocolHandler ["http-nio-8080"]
2026-04-10 10:29:05 [main] INFO  o.a.catalina.core.StandardService - Starting service [Tomcat]
2026-04-10 10:29:05 [main] INFO  o.a.catalina.core.StandardEngine - Starting Servlet engine: [Apache Tomcat/11.0.20]
2026-04-10 10:29:05 [main] INFO  o.s.b.w.c.s.WebApplicationContextInitializer - Root WebApplicationContext: initialization completed in 1627 ms
2026-04-10 10:29:05 [main] INFO  org.hibernate.orm.jpa - HHH008540: Processing PersistenceUnitInfo [name: default]
2026-04-10 10:29:05 [main] INFO  org.hibernate.orm.core - HHH000001: Hibernate ORM core version 7.2.7.Final
2026-04-10 10:29:06 [main] INFO  o.s.o.j.p.SpringPersistenceUnitInfo - No LoadTimeWeaver setup: ignoring JPA class transformer
2026-04-10 10:29:06 [main] INFO  com.zaxxer.hikari.HikariDataSource - HikariPool-1 - Starting...
2026-04-10 10:29:06 [main] INFO  com.zaxxer.hikari.pool.HikariPool - HikariPool-1 - Added connection com.mysql.cj.jdbc.ConnectionImpl@38856d6e
2026-04-10 10:29:06 [main] INFO  com.zaxxer.hikari.HikariDataSource - HikariPool-1 - Start completed.
2026-04-10 10:29:06 [main] INFO  o.hibernate.orm.connections.pooling - HHH10001005: Database info:
	Database JDBC URL [jdbc:mysql://localhost:3306/learning]
	Database driver: MySQL Connector/J
	Database dialect: MySQLDialect
	Database version: 8.0.40
	Default catalog/schema: learning/undefined
	Autocommit mode: undefined/unknown
	Isolation level: REPEATABLE_READ [default REPEATABLE_READ]
	JDBC fetch size: none
	Pool: DataSourceConnectionProvider
	Minimum pool size: undefined/unknown
	Maximum pool size: undefined/unknown
2026-04-10 10:29:07 [main] INFO  org.hibernate.orm.core - HHH000489: No JTA platform available (set 'hibernate.transaction.jta.platform' to enable JTA platform integration)
2026-04-10 10:29:07 [main] INFO  o.s.o.j.LocalContainerEntityManagerFactoryBean - Initialized JPA EntityManagerFactory for persistence unit 'default'
2026-04-10 10:29:07 [main] INFO  o.s.d.j.r.q.QueryEnhancerFactories - Hibernate is in classpath; If applicable, HQL parser will be used.
2026-04-10 10:29:08 [main] INFO  o.s.s.c.a.a.c.InitializeAuthenticationProviderBeanManagerConfigurer$InitializeAuthenticationProviderManagerConfigurer - Global AuthenticationManager configured with AuthenticationProvider bean with name authenticationProvider
2026-04-10 10:29:08 [main] WARN  o.s.s.c.a.a.c.InitializeUserDetailsBeanManagerConfigurer$InitializeUserDetailsManagerConfigurer - Global AuthenticationManager configured with an AuthenticationProvider bean. UserDetailsService beans will not be used by Spring Security for automatically configuring username/password login. Consider removing the AuthenticationProvider bean. Alternatively, consider using the UserDetailsService in a manually instantiated DaoAuthenticationProvider. If the current configuration is intentional, to turn off this warning, increase the logging level of 'org.springframework.security.config.annotation.authentication.configuration.InitializeUserDetailsBeanManagerConfigurer' to ERROR
2026-04-10 10:29:08 [main] WARN  o.s.b.j.a.JpaBaseConfiguration$JpaWebConfiguration - spring.jpa.open-in-view is enabled by default. Therefore, database queries may be performed during view rendering. Explicitly configure spring.jpa.open-in-view to disable this warning
2026-04-10 10:29:09 [main] INFO  o.a.coyote.http11.Http11NioProtocol - Starting ProtocolHandler ["http-nio-8080"]
2026-04-10 10:29:09 [main] INFO  o.s.boot.tomcat.TomcatWebServer - Tomcat started on port 8080 (http) with context path '/'
2026-04-10 10:29:09 [main] INFO  org.example.demo.DemoApplication - Started DemoApplication in 6.064 seconds (process running for 6.807)
2026-04-10 10:29:09 [main] WARN  o.s.c.events.SpringDocAppInitializer - SpringDoc /v3/api-docs endpoint is enabled by default. To disable it in production, set the property 'springdoc.api-docs.enabled=false'
2026-04-10 10:29:09 [main] WARN  o.s.c.events.SpringDocAppInitializer - SpringDoc /swagger-ui.html endpoint is enabled by default. To disable it in production, set the property 'springdoc.swagger-ui.enabled=false'
2026-04-10 10:29:13 [http-nio-8080-exec-1] INFO  o.a.c.c.C.[Tomcat].[localhost].[/] - Initializing Spring DispatcherServlet 'dispatcherServlet'
2026-04-10 10:29:13 [http-nio-8080-exec-1] INFO  o.s.web.servlet.DispatcherServlet - Initializing Servlet 'dispatcherServlet'
2026-04-10 10:29:13 [http-nio-8080-exec-1] INFO  o.s.web.servlet.DispatcherServlet - Completed initialization in 1 ms
2026-04-10 10:29:13 [http-nio-8080-exec-1] INFO  o.e.demo.exception.ExceptionHandling - Validation failed | fields: [Field error in object 'productQueryRequest' on field 'page': rejected value [1.6]; codes [typeMismatch.productQueryRequest.page,typeMismatch.page,typeMismatch.java.lang.Integer,typeMismatch]; arguments [org.springframework.context.support.DefaultMessageSourceResolvable: codes [productQueryRequest.page,page]; arguments []; default message [page]]; default message [Failed to convert value of type 'java.lang.String' to required type 'java.lang.Integer'; For input string: "1.6"]] | message: Validation failed for argument [0] in public org.example.demo.common.ApiResponse<org.example.demo.dto.response.ProductPageResponse> org.example.demo.controllers.ProductController.getProducts(org.example.demo.dto.request.ProductQueryRequest): [Field error in object 'productQueryRequest' on field 'page': rejected value [1.6]; codes [typeMismatch.productQueryRequest.page,typeMismatch.page,typeMismatch.java.lang.Integer,typeMismatch]; arguments [org.springframework.context.support.DefaultMessageSourceResolvable: codes [productQueryRequest.page,page]; arguments []; default message [page]]; default message [Failed to convert value of type 'java.lang.String' to required type 'java.lang.Integer'; For input string: "1.6"]] 
2026-04-10 10:29:15 [http-nio-8080-exec-3] INFO  o.e.demo.exception.ExceptionHandling - Validation failed | fields: [Field error in object 'productQueryRequest' on field 'page': rejected value [1.6]; codes [typeMismatch.productQueryRequest.page,typeMismatch.page,typeMismatch.java.lang.Integer,typeMismatch]; arguments [org.springframework.context.support.DefaultMessageSourceResolvable: codes [productQueryRequest.page,page]; arguments []; default message [page]]; default message [Failed to convert value of type 'java.lang.String' to required type 'java.lang.Integer'; For input string: "1.6"]] | message: Validation failed for argument [0] in public org.example.demo.common.ApiResponse<org.example.demo.dto.response.ProductPageResponse> org.example.demo.controllers.ProductController.getProducts(org.example.demo.dto.request.ProductQueryRequest): [Field error in object 'productQueryRequest' on field 'page': rejected value [1.6]; codes [typeMismatch.productQueryRequest.page,typeMismatch.page,typeMismatch.java.lang.Integer,typeMismatch]; arguments [org.springframework.context.support.DefaultMessageSourceResolvable: codes [productQueryRequest.page,page]; arguments []; default message [page]]; default message [Failed to convert value of type 'java.lang.String' to required type 'java.lang.Integer'; For input string: "1.6"]] 
2026-04-10 10:29:16 [http-nio-8080-exec-2] INFO  o.e.demo.exception.ExceptionHandling - Validation failed | fields: [Field error in object 'productQueryRequest' on field 'page': rejected value [1.6]; codes [typeMismatch.productQueryRequest.page,typeMismatch.page,typeMismatch.java.lang.Integer,typeMismatch]; arguments [org.springframework.context.support.DefaultMessageSourceResolvable: codes [productQueryRequest.page,page]; arguments []; default message [page]]; default message [Failed to convert value of type 'java.lang.String' to required type 'java.lang.Integer'; For input string: "1.6"]] | message: Validation failed for argument [0] in public org.example.demo.common.ApiResponse<org.example.demo.dto.response.ProductPageResponse> org.example.demo.controllers.ProductController.getProducts(org.example.demo.dto.request.ProductQueryRequest): [Field error in object 'productQueryRequest' on field 'page': rejected value [1.6]; codes [typeMismatch.productQueryRequest.page,typeMismatch.page,typeMismatch.java.lang.Integer,typeMismatch]; arguments [org.springframework.context.support.DefaultMessageSourceResolvable: codes [productQueryRequest.page,page]; arguments []; default message [page]]; default message [Failed to convert value of type 'java.lang.String' to required type 'java.lang.Integer'; For input string: "1.6"]] 
2026-04-10 10:29:52 [http-nio-8080-exec-9] INFO  o.e.demo.exception.ExceptionHandling - Validation failed | fields: [Field error in object 'productQueryRequest' on field 'page': rejected value [1.6]; codes [typeMismatch.productQueryRequest.page,typeMismatch.page,typeMismatch.java.lang.Integer,typeMismatch]; arguments [org.springframework.context.support.DefaultMessageSourceResolvable: codes [productQueryRequest.page,page]; arguments []; default message [page]]; default message [Failed to convert value of type 'java.lang.String' to required type 'java.lang.Integer'; For input string: "1.6"]] | message: Validation failed for argument [0] in public org.example.demo.common.ApiResponse<org.example.demo.dto.response.ProductPageResponse> org.example.demo.controllers.ProductController.getProducts(org.example.demo.dto.request.ProductQueryRequest): [Field error in object 'productQueryRequest' on field 'page': rejected value [1.6]; codes [typeMismatch.productQueryRequest.page,typeMismatch.page,typeMismatch.java.lang.Integer,typeMismatch]; arguments [org.springframework.context.support.DefaultMessageSourceResolvable: codes [productQueryRequest.page,page]; arguments []; default message [page]]; default message [Failed to convert value of type 'java.lang.String' to required type 'java.lang.Integer'; For input string: "1.6"]] 
2026-04-10 10:52:30 [http-nio-8080-exec-8] INFO  o.e.demo.exception.ExceptionHandling - Validation failed | fields: [Field error in object 'productQueryRequest' on field 'page': rejected value [1.6]; codes [typeMismatch.productQueryRequest.page,typeMismatch.page,typeMismatch.java.lang.Integer,typeMismatch]; arguments [org.springframework.context.support.DefaultMessageSourceResolvable: codes [productQueryRequest.page,page]; arguments []; default message [page]]; default message [Failed to convert value of type 'java.lang.String' to required type 'java.lang.Integer'; For input string: "1.6"]] | message: Validation failed for argument [0] in public org.example.demo.common.ApiResponse<org.example.demo.dto.response.ProductPageResponse> org.example.demo.controllers.ProductController.getProducts(org.example.demo.dto.request.ProductQueryRequest): [Field error in object 'productQueryRequest' on field 'page': rejected value [1.6]; codes [typeMismatch.productQueryRequest.page,typeMismatch.page,typeMismatch.java.lang.Integer,typeMismatch]; arguments [org.springframework.context.support.DefaultMessageSourceResolvable: codes [productQueryRequest.page,page]; arguments []; default message [page]]; default message [Failed to convert value of type 'java.lang.String' to required type 'java.lang.Integer'; For input string: "1.6"]] 
2026-04-10 10:52:54 [http-nio-8080-exec-9] INFO  o.e.demo.exception.ExceptionHandling - Validation failed | fields: [Field error in object 'productQueryRequest' on field 'page': rejected value [1.6]; codes [typeMismatch.productQueryRequest.page,typeMismatch.page,typeMismatch.java.lang.Integer,typeMismatch]; arguments [org.springframework.context.support.DefaultMessageSourceResolvable: codes [productQueryRequest.page,page]; arguments []; default message [page]]; default message [Failed to convert value of type 'java.lang.String' to required type 'java.lang.Integer'; For input string: "1.6"]] | message: Validation failed for argument [0] in public org.example.demo.common.ApiResponse<org.example.demo.dto.response.ProductPageResponse> org.example.demo.controllers.ProductController.getProducts(org.example.demo.dto.request.ProductQueryRequest): [Field error in object 'productQueryRequest' on field 'page': rejected value [1.6]; codes [typeMismatch.productQueryRequest.page,typeMismatch.page,typeMismatch.java.lang.Integer,typeMismatch]; arguments [org.springframework.context.support.DefaultMessageSourceResolvable: codes [productQueryRequest.page,page]; arguments []; default message [page]]; default message [Failed to convert value of type 'java.lang.String' to required type 'java.lang.Integer'; For input string: "1.6"]] 
2026-04-10 10:53:02 [http-nio-8080-exec-1] INFO  o.e.demo.exception.ExceptionHandling - Validation failed | fields: [Field error in object 'productQueryRequest' on field 'page': rejected value [1.6]; codes [typeMismatch.productQueryRequest.page,typeMismatch.page,typeMismatch.java.lang.Integer,typeMismatch]; arguments [org.springframework.context.support.DefaultMessageSourceResolvable: codes [productQueryRequest.page,page]; arguments []; default message [page]]; default message [Failed to convert value of type 'java.lang.String' to required type 'java.lang.Integer'; For input string: "1.6"]] | message: Validation failed for argument [0] in public org.example.demo.common.ApiResponse<org.example.demo.dto.response.ProductPageResponse> org.example.demo.controllers.ProductController.getProducts(org.example.demo.dto.request.ProductQueryRequest): [Field error in object 'productQueryRequest' on field 'page': rejected value [1.6]; codes [typeMismatch.productQueryRequest.page,typeMismatch.page,typeMismatch.java.lang.Integer,typeMismatch]; arguments [org.springframework.context.support.DefaultMessageSourceResolvable: codes [productQueryRequest.page,page]; arguments []; default message [page]]; default message [Failed to convert value of type 'java.lang.String' to required type 'java.lang.Integer'; For input string: "1.6"]] 
2026-04-10 10:53:09 [http-nio-8080-exec-10] INFO  o.e.demo.exception.ExceptionHandling - Validation failed | fields: [Field error in object 'productQueryRequest' on field 'page': rejected value [1.6]; codes [typeMismatch.productQueryRequest.page,typeMismatch.page,typeMismatch.java.lang.Integer,typeMismatch]; arguments [org.springframework.context.support.DefaultMessageSourceResolvable: codes [productQueryRequest.page,page]; arguments []; default message [page]]; default message [Failed to convert value of type 'java.lang.String' to required type 'java.lang.Integer'; For input string: "1.6"]] | message: Validation failed for argument [0] in public org.example.demo.common.ApiResponse<org.example.demo.dto.response.ProductPageResponse> org.example.demo.controllers.ProductController.getProducts(org.example.demo.dto.request.ProductQueryRequest): [Field error in object 'productQueryRequest' on field 'page': rejected value [1.6]; codes [typeMismatch.productQueryRequest.page,typeMismatch.page,typeMismatch.java.lang.Integer,typeMismatch]; arguments [org.springframework.context.support.DefaultMessageSourceResolvable: codes [productQueryRequest.page,page]; arguments []; default message [page]]; default message [Failed to convert value of type 'java.lang.String' to required type 'java.lang.Integer'; For input string: "1.6"]] 
2026-04-10 10:53:13 [http-nio-8080-exec-6] INFO  o.e.demo.exception.ExceptionHandling - Validation failed | fields: [Field error in object 'productQueryRequest' on field 'page': rejected value [1.6]; codes [typeMismatch.productQueryRequest.page,typeMismatch.page,typeMismatch.java.lang.Integer,typeMismatch]; arguments [org.springframework.context.support.DefaultMessageSourceResolvable: codes [productQueryRequest.page,page]; arguments []; default message [page]]; default message [Failed to convert value of type 'java.lang.String' to required type 'java.lang.Integer'; For input string: "1.6"]] | message: Validation failed for argument [0] in public org.example.demo.common.ApiResponse<org.example.demo.dto.response.ProductPageResponse> org.example.demo.controllers.ProductController.getProducts(org.example.demo.dto.request.ProductQueryRequest): [Field error in object 'productQueryRequest' on field 'page': rejected value [1.6]; codes [typeMismatch.productQueryRequest.page,typeMismatch.page,typeMismatch.java.lang.Integer,typeMismatch]; arguments [org.springframework.context.support.DefaultMessageSourceResolvable: codes [productQueryRequest.page,page]; arguments []; default message [page]]; default message [Failed to convert value of type 'java.lang.String' to required type 'java.lang.Integer'; For input string: "1.6"]] 
2026-04-10 10:53:18 [http-nio-8080-exec-8] INFO  o.e.demo.exception.ExceptionHandling - Validation failed | fields: [Field error in object 'productQueryRequest' on field 'page': rejected value [1.6]; codes [typeMismatch.productQueryRequest.page,typeMismatch.page,typeMismatch.java.lang.Integer,typeMismatch]; arguments [org.springframework.context.support.DefaultMessageSourceResolvable: codes [productQueryRequest.page,page]; arguments []; default message [page]]; default message [Failed to convert value of type 'java.lang.String' to required type 'java.lang.Integer'; For input string: "1.6"]] | message: Validation failed for argument [0] in public org.example.demo.common.ApiResponse<org.example.demo.dto.response.ProductPageResponse> org.example.demo.controllers.ProductController.getProducts(org.example.demo.dto.request.ProductQueryRequest): [Field error in object 'productQueryRequest' on field 'page': rejected value [1.6]; codes [typeMismatch.productQueryRequest.page,typeMismatch.page,typeMismatch.java.lang.Integer,typeMismatch]; arguments [org.springframework.context.support.DefaultMessageSourceResolvable: codes [productQueryRequest.page,page]; arguments []; default message [page]]; default message [Failed to convert value of type 'java.lang.String' to required type 'java.lang.Integer'; For input string: "1.6"]] 
2026-04-10 12:29:30 [HikariPool-1:housekeeper] WARN  com.zaxxer.hikari.pool.HikariPool - HikariPool-1 - Thread starvation or clock leap detected (housekeeper delta=9m21s897ms661µs200ns).
2026-04-10 13:49:48 [SpringApplicationShutdownHook] INFO  o.s.boot.tomcat.GracefulShutdown - Commencing graceful shutdown. Waiting for active requests to complete
2026-04-10 13:49:48 [tomcat-shutdown] INFO  o.s.boot.tomcat.GracefulShutdown - Graceful shutdown complete
2026-04-10 13:49:49 [SpringApplicationShutdownHook] INFO  o.s.o.j.LocalContainerEntityManagerFactoryBean - Closing JPA EntityManagerFactory for persistence unit 'default'
2026-04-10 13:49:49 [SpringApplicationShutdownHook] INFO  com.zaxxer.hikari.HikariDataSource - HikariPool-1 - Shutdown initiated...
2026-04-10 13:49:49 [SpringApplicationShutdownHook] INFO  com.zaxxer.hikari.HikariDataSource - HikariPool-1 - Shutdown completed.
2026-04-10 13:49:58 [background-preinit] INFO  o.h.validator.internal.util.Version - HV000001: Hibernate Validator 9.0.1.Final
2026-04-10 13:49:58 [main] INFO  org.example.demo.DemoApplication - Starting DemoApplication using Java 23.0.2 with PID 26184 (C:\workspace\sample\demo\target\classes started by phucn in C:\workspace\sample\demo)
2026-04-10 13:49:58 [main] INFO  org.example.demo.DemoApplication - No active profile set, falling back to 1 default profile: "default"
2026-04-10 13:49:59 [main] INFO  o.s.d.r.c.RepositoryConfigurationDelegate - Bootstrapping Spring Data JPA repositories in DEFAULT mode.
2026-04-10 13:49:59 [main] INFO  o.s.d.r.c.RepositoryConfigurationDelegate - Finished Spring Data repository scanning in 58 ms. Found 3 JPA repository interfaces.
2026-04-10 13:50:00 [main] INFO  o.s.boot.tomcat.TomcatWebServer - Tomcat initialized with port 8080 (http)
2026-04-10 13:50:00 [main] INFO  o.a.coyote.http11.Http11NioProtocol - Initializing ProtocolHandler ["http-nio-8080"]
2026-04-10 13:50:00 [main] INFO  o.a.catalina.core.StandardService - Starting service [Tomcat]
2026-04-10 13:50:00 [main] INFO  o.a.catalina.core.StandardEngine - Starting Servlet engine: [Apache Tomcat/11.0.20]
2026-04-10 13:50:00 [main] INFO  o.s.b.w.c.s.WebApplicationContextInitializer - Root WebApplicationContext: initialization completed in 1755 ms
2026-04-10 13:50:00 [main] INFO  org.hibernate.orm.jpa - HHH008540: Processing PersistenceUnitInfo [name: default]
2026-04-10 13:50:00 [main] INFO  org.hibernate.orm.core - HHH000001: Hibernate ORM core version 7.2.7.Final
2026-04-10 13:50:01 [main] INFO  o.s.o.j.p.SpringPersistenceUnitInfo - No LoadTimeWeaver setup: ignoring JPA class transformer
2026-04-10 13:50:01 [main] INFO  com.zaxxer.hikari.HikariDataSource - HikariPool-1 - Starting...
2026-04-10 13:50:01 [main] INFO  com.zaxxer.hikari.pool.HikariPool - HikariPool-1 - Added connection com.mysql.cj.jdbc.ConnectionImpl@5bcfdaf3
2026-04-10 13:50:01 [main] INFO  com.zaxxer.hikari.HikariDataSource - HikariPool-1 - Start completed.
2026-04-10 13:50:01 [main] INFO  o.hibernate.orm.connections.pooling - HHH10001005: Database info:
	Database JDBC URL [jdbc:mysql://localhost:3306/learning]
	Database driver: MySQL Connector/J
	Database dialect: MySQLDialect
	Database version: 8.0.40
	Default catalog/schema: learning/undefined
	Autocommit mode: undefined/unknown
	Isolation level: REPEATABLE_READ [default REPEATABLE_READ]
	JDBC fetch size: none
	Pool: DataSourceConnectionProvider
	Minimum pool size: undefined/unknown
	Maximum pool size: undefined/unknown
2026-04-10 13:50:02 [main] INFO  org.hibernate.orm.core - HHH000489: No JTA platform available (set 'hibernate.transaction.jta.platform' to enable JTA platform integration)
2026-04-10 13:50:02 [main] INFO  o.s.o.j.LocalContainerEntityManagerFactoryBean - Initialized JPA EntityManagerFactory for persistence unit 'default'
2026-04-10 13:50:03 [main] INFO  o.s.d.j.r.q.QueryEnhancerFactories - Hibernate is in classpath; If applicable, HQL parser will be used.
2026-04-10 13:50:03 [main] INFO  o.s.s.c.a.a.c.InitializeAuthenticationProviderBeanManagerConfigurer$InitializeAuthenticationProviderManagerConfigurer - Global AuthenticationManager configured with AuthenticationProvider bean with name authenticationProvider
2026-04-10 13:50:03 [main] WARN  o.s.s.c.a.a.c.InitializeUserDetailsBeanManagerConfigurer$InitializeUserDetailsManagerConfigurer - Global AuthenticationManager configured with an AuthenticationProvider bean. UserDetailsService beans will not be used by Spring Security for automatically configuring username/password login. Consider removing the AuthenticationProvider bean. Alternatively, consider using the UserDetailsService in a manually instantiated DaoAuthenticationProvider. If the current configuration is intentional, to turn off this warning, increase the logging level of 'org.springframework.security.config.annotation.authentication.configuration.InitializeUserDetailsBeanManagerConfigurer' to ERROR
2026-04-10 13:50:03 [main] WARN  o.s.b.j.a.JpaBaseConfiguration$JpaWebConfiguration - spring.jpa.open-in-view is enabled by default. Therefore, database queries may be performed during view rendering. Explicitly configure spring.jpa.open-in-view to disable this warning
2026-04-10 13:50:04 [main] INFO  o.a.coyote.http11.Http11NioProtocol - Starting ProtocolHandler ["http-nio-8080"]
2026-04-10 13:50:04 [main] INFO  o.s.boot.tomcat.TomcatWebServer - Tomcat started on port 8080 (http) with context path '/'
2026-04-10 13:50:04 [main] INFO  org.example.demo.DemoApplication - Started DemoApplication in 6.664 seconds (process running for 7.673)
2026-04-10 13:50:04 [main] WARN  o.s.c.events.SpringDocAppInitializer - SpringDoc /v3/api-docs endpoint is enabled by default. To disable it in production, set the property 'springdoc.api-docs.enabled=false'
2026-04-10 13:50:04 [main] WARN  o.s.c.events.SpringDocAppInitializer - SpringDoc /swagger-ui.html endpoint is enabled by default. To disable it in production, set the property 'springdoc.swagger-ui.enabled=false'
2026-04-10 13:50:15 [http-nio-8080-exec-1] INFO  o.a.c.c.C.[Tomcat].[localhost].[/] - Initializing Spring DispatcherServlet 'dispatcherServlet'
2026-04-10 13:50:15 [http-nio-8080-exec-1] INFO  o.s.web.servlet.DispatcherServlet - Initializing Servlet 'dispatcherServlet'
2026-04-10 13:50:15 [http-nio-8080-exec-1] INFO  o.s.web.servlet.DispatcherServlet - Completed initialization in 1 ms
2026-04-10 13:50:26 [SpringApplicationShutdownHook] INFO  o.s.boot.tomcat.GracefulShutdown - Commencing graceful shutdown. Waiting for active requests to complete
2026-04-10 13:50:26 [tomcat-shutdown] INFO  o.s.boot.tomcat.GracefulShutdown - Graceful shutdown complete
2026-04-10 13:50:26 [SpringApplicationShutdownHook] INFO  o.s.o.j.LocalContainerEntityManagerFactoryBean - Closing JPA EntityManagerFactory for persistence unit 'default'
2026-04-10 13:50:26 [SpringApplicationShutdownHook] INFO  com.zaxxer.hikari.HikariDataSource - HikariPool-1 - Shutdown initiated...
2026-04-10 13:50:26 [SpringApplicationShutdownHook] INFO  com.zaxxer.hikari.HikariDataSource - HikariPool-1 - Shutdown completed.
2026-04-10 13:50:30 [background-preinit] INFO  o.h.validator.internal.util.Version - HV000001: Hibernate Validator 9.0.1.Final
2026-04-10 13:50:30 [main] INFO  org.example.demo.DemoApplication - Starting DemoApplication using Java 23.0.2 with PID 11952 (C:\workspace\sample\demo\target\classes started by phucn in C:\workspace\sample\demo)
2026-04-10 13:50:30 [main] INFO  org.example.demo.DemoApplication - No active profile set, falling back to 1 default profile: "default"
2026-04-10 13:50:31 [main] INFO  o.s.d.r.c.RepositoryConfigurationDelegate - Bootstrapping Spring Data JPA repositories in DEFAULT mode.
2026-04-10 13:50:31 [main] INFO  o.s.d.r.c.RepositoryConfigurationDelegate - Finished Spring Data repository scanning in 500 ms. Found 3 JPA repository interfaces.
2026-04-10 13:53:30 [main] INFO  o.s.boot.tomcat.TomcatWebServer - Tomcat initialized with port 8080 (http)
2026-04-10 13:53:30 [main] INFO  o.a.coyote.http11.Http11NioProtocol - Initializing ProtocolHandler ["http-nio-8080"]
2026-04-10 13:53:30 [main] INFO  o.a.catalina.core.StandardService - Starting service [Tomcat]
2026-04-10 13:53:30 [main] INFO  o.a.catalina.core.StandardEngine - Starting Servlet engine: [Apache Tomcat/11.0.20]
2026-04-10 13:53:30 [main] INFO  o.s.b.w.c.s.WebApplicationContextInitializer - Root WebApplicationContext: initialization completed in 180131 ms
2026-04-10 13:53:31 [main] INFO  org.hibernate.orm.jpa - HHH008540: Processing PersistenceUnitInfo [name: default]
2026-04-10 13:53:31 [main] INFO  org.hibernate.orm.core - HHH000001: Hibernate ORM core version 7.2.7.Final
2026-04-10 13:53:32 [main] INFO  o.s.o.j.p.SpringPersistenceUnitInfo - No LoadTimeWeaver setup: ignoring JPA class transformer
2026-04-10 13:53:32 [main] INFO  com.zaxxer.hikari.HikariDataSource - HikariPool-1 - Starting...
2026-04-10 13:53:34 [main] INFO  com.zaxxer.hikari.pool.HikariPool - HikariPool-1 - Added connection com.mysql.cj.jdbc.ConnectionImpl@7bc6b117
2026-04-10 13:53:34 [main] INFO  com.zaxxer.hikari.HikariDataSource - HikariPool-1 - Start completed.
2026-04-10 13:53:34 [main] INFO  o.hibernate.orm.connections.pooling - HHH10001005: Database info:
	Database JDBC URL [jdbc:mysql://localhost:3306/learning]
	Database driver: MySQL Connector/J
	Database dialect: MySQLDialect
	Database version: 8.0.40
	Default catalog/schema: learning/undefined
	Autocommit mode: undefined/unknown
	Isolation level: REPEATABLE_READ [default REPEATABLE_READ]
	JDBC fetch size: none
	Pool: DataSourceConnectionProvider
	Minimum pool size: undefined/unknown
	Maximum pool size: undefined/unknown
2026-04-10 13:53:37 [main] INFO  org.hibernate.orm.core - HHH000489: No JTA platform available (set 'hibernate.transaction.jta.platform' to enable JTA platform integration)
2026-04-10 13:53:37 [main] INFO  o.s.o.j.LocalContainerEntityManagerFactoryBean - Initialized JPA EntityManagerFactory for persistence unit 'default'
2026-04-10 13:53:37 [main] INFO  o.s.d.j.r.q.QueryEnhancerFactories - Hibernate is in classpath; If applicable, HQL parser will be used.
2026-04-10 13:53:38 [main] INFO  o.s.s.c.a.a.c.InitializeAuthenticationProviderBeanManagerConfigurer$InitializeAuthenticationProviderManagerConfigurer - Global AuthenticationManager configured with AuthenticationProvider bean with name authenticationProvider
2026-04-10 13:53:38 [main] WARN  o.s.s.c.a.a.c.InitializeUserDetailsBeanManagerConfigurer$InitializeUserDetailsManagerConfigurer - Global AuthenticationManager configured with an AuthenticationProvider bean. UserDetailsService beans will not be used by Spring Security for automatically configuring username/password login. Consider removing the AuthenticationProvider bean. Alternatively, consider using the UserDetailsService in a manually instantiated DaoAuthenticationProvider. If the current configuration is intentional, to turn off this warning, increase the logging level of 'org.springframework.security.config.annotation.authentication.configuration.InitializeUserDetailsBeanManagerConfigurer' to ERROR
2026-04-10 13:53:39 [main] WARN  o.s.b.j.a.JpaBaseConfiguration$JpaWebConfiguration - spring.jpa.open-in-view is enabled by default. Therefore, database queries may be performed during view rendering. Explicitly configure spring.jpa.open-in-view to disable this warning
2026-04-10 13:53:40 [main] INFO  o.a.coyote.http11.Http11NioProtocol - Starting ProtocolHandler ["http-nio-8080"]
2026-04-10 13:53:40 [main] INFO  o.s.boot.tomcat.TomcatWebServer - Tomcat started on port 8080 (http) with context path '/'
2026-04-10 13:53:40 [main] INFO  org.example.demo.DemoApplication - Started DemoApplication in 191.056 seconds (process running for 192.701)
2026-04-10 13:53:40 [main] WARN  o.s.c.events.SpringDocAppInitializer - SpringDoc /v3/api-docs endpoint is enabled by default. To disable it in production, set the property 'springdoc.api-docs.enabled=false'
2026-04-10 13:53:40 [main] WARN  o.s.c.events.SpringDocAppInitializer - SpringDoc /swagger-ui.html endpoint is enabled by default. To disable it in production, set the property 'springdoc.swagger-ui.enabled=false'
2026-04-10 14:40:53 [http-nio-8080-exec-2] INFO  o.a.c.c.C.[Tomcat].[localhost].[/] - Initializing Spring DispatcherServlet 'dispatcherServlet'
2026-04-10 14:40:53 [http-nio-8080-exec-2] INFO  o.s.web.servlet.DispatcherServlet - Initializing Servlet 'dispatcherServlet'
2026-04-10 14:40:53 [http-nio-8080-exec-2] INFO  o.s.web.servlet.DispatcherServlet - Completed initialization in 126 ms
2026-04-10 14:40:54 [http-nio-8080-exec-2] INFO  o.e.demo.exception.ExceptionHandling - Validation failed | fields: [Field error in object 'productQueryRequest' on field 'page': rejected value [1.7]; codes [typeMismatch.productQueryRequest.page,typeMismatch.page,typeMismatch.java.lang.Integer,typeMismatch]; arguments [org.springframework.context.support.DefaultMessageSourceResolvable: codes [productQueryRequest.page,page]; arguments []; default message [page]]; default message [Failed to convert value of type 'java.lang.String' to required type 'java.lang.Integer'; For input string: "1.7"]] | message: Validation failed for argument [0] in public org.example.demo.common.ApiResponse<org.example.demo.dto.response.ProductPageResponse> org.example.demo.controllers.ProductController.getProducts(org.example.demo.dto.request.ProductQueryRequest): [Field error in object 'productQueryRequest' on field 'page': rejected value [1.7]; codes [typeMismatch.productQueryRequest.page,typeMismatch.page,typeMismatch.java.lang.Integer,typeMismatch]; arguments [org.springframework.context.support.DefaultMessageSourceResolvable: codes [productQueryRequest.page,page]; arguments []; default message [page]]; default message [Failed to convert value of type 'java.lang.String' to required type 'java.lang.Integer'; For input string: "1.7"]] 
2026-04-10 14:40:58 [SpringApplicationShutdownHook] INFO  o.s.boot.tomcat.GracefulShutdown - Commencing graceful shutdown. Waiting for active requests to complete
2026-04-10 14:40:58 [tomcat-shutdown] INFO  o.s.boot.tomcat.GracefulShutdown - Graceful shutdown complete
2026-04-10 14:40:58 [SpringApplicationShutdownHook] INFO  o.s.o.j.LocalContainerEntityManagerFactoryBean - Closing JPA EntityManagerFactory for persistence unit 'default'
2026-04-10 14:40:58 [SpringApplicationShutdownHook] INFO  com.zaxxer.hikari.HikariDataSource - HikariPool-1 - Shutdown initiated...
2026-04-10 14:40:58 [SpringApplicationShutdownHook] INFO  com.zaxxer.hikari.HikariDataSource - HikariPool-1 - Shutdown completed.
2026-04-10 14:41:10 [background-preinit] INFO  o.h.validator.internal.util.Version - HV000001: Hibernate Validator 9.0.1.Final
2026-04-10 14:41:10 [main] INFO  org.example.demo.DemoApplication - Starting DemoApplication using Java 23.0.2 with PID 20192 (C:\workspace\sample\demo\target\classes started by phucn in C:\workspace\sample\demo)
2026-04-10 14:41:10 [main] INFO  org.example.demo.DemoApplication - No active profile set, falling back to 1 default profile: "default"
2026-04-10 14:41:12 [main] INFO  o.s.d.r.c.RepositoryConfigurationDelegate - Bootstrapping Spring Data JPA repositories in DEFAULT mode.
2026-04-10 14:41:13 [main] INFO  o.s.d.r.c.RepositoryConfigurationDelegate - Finished Spring Data repository scanning in 753 ms. Found 3 JPA repository interfaces.
2026-04-10 14:41:15 [main] INFO  o.s.boot.tomcat.TomcatWebServer - Tomcat initialized with port 8080 (http)
2026-04-10 14:41:16 [main] INFO  o.a.coyote.http11.Http11NioProtocol - Initializing ProtocolHandler ["http-nio-8080"]
2026-04-10 14:41:16 [main] INFO  o.a.catalina.core.StandardService - Starting service [Tomcat]
2026-04-10 14:41:16 [main] INFO  o.a.catalina.core.StandardEngine - Starting Servlet engine: [Apache Tomcat/11.0.20]
2026-04-10 14:41:16 [main] INFO  o.s.b.w.c.s.WebApplicationContextInitializer - Root WebApplicationContext: initialization completed in 5501 ms
2026-04-10 14:41:16 [main] INFO  org.hibernate.orm.jpa - HHH008540: Processing PersistenceUnitInfo [name: default]
2026-04-10 14:41:17 [main] INFO  org.hibernate.orm.core - HHH000001: Hibernate ORM core version 7.2.7.Final
2026-04-10 14:41:19 [main] INFO  o.s.o.j.p.SpringPersistenceUnitInfo - No LoadTimeWeaver setup: ignoring JPA class transformer
2026-04-10 14:41:19 [main] INFO  com.zaxxer.hikari.HikariDataSource - HikariPool-1 - Starting...
2026-04-10 14:41:22 [main] INFO  com.zaxxer.hikari.pool.HikariPool - HikariPool-1 - Added connection com.mysql.cj.jdbc.ConnectionImpl@7fb9a83c
2026-04-10 14:41:22 [main] INFO  com.zaxxer.hikari.HikariDataSource - HikariPool-1 - Start completed.
2026-04-10 14:41:22 [main] INFO  o.hibernate.orm.connections.pooling - HHH10001005: Database info:
	Database JDBC URL [jdbc:mysql://localhost:3306/learning]
	Database driver: MySQL Connector/J
	Database dialect: MySQLDialect
	Database version: 8.0.40
	Default catalog/schema: learning/undefined
	Autocommit mode: undefined/unknown
	Isolation level: REPEATABLE_READ [default REPEATABLE_READ]
	JDBC fetch size: none
	Pool: DataSourceConnectionProvider
	Minimum pool size: undefined/unknown
	Maximum pool size: undefined/unknown
2026-04-10 14:41:27 [main] INFO  org.hibernate.orm.core - HHH000489: No JTA platform available (set 'hibernate.transaction.jta.platform' to enable JTA platform integration)
2026-04-10 14:41:27 [main] INFO  o.s.o.j.LocalContainerEntityManagerFactoryBean - Initialized JPA EntityManagerFactory for persistence unit 'default'
2026-04-10 14:41:27 [main] INFO  o.s.d.j.r.q.QueryEnhancerFactories - Hibernate is in classpath; If applicable, HQL parser will be used.
2026-04-10 14:41:29 [main] INFO  o.s.s.c.a.a.c.InitializeAuthenticationProviderBeanManagerConfigurer$InitializeAuthenticationProviderManagerConfigurer - Global AuthenticationManager configured with AuthenticationProvider bean with name authenticationProvider
2026-04-10 14:41:29 [main] WARN  o.s.s.c.a.a.c.InitializeUserDetailsBeanManagerConfigurer$InitializeUserDetailsManagerConfigurer - Global AuthenticationManager configured with an AuthenticationProvider bean. UserDetailsService beans will not be used by Spring Security for automatically configuring username/password login. Consider removing the AuthenticationProvider bean. Alternatively, consider using the UserDetailsService in a manually instantiated DaoAuthenticationProvider. If the current configuration is intentional, to turn off this warning, increase the logging level of 'org.springframework.security.config.annotation.authentication.configuration.InitializeUserDetailsBeanManagerConfigurer' to ERROR
2026-04-10 14:41:29 [main] WARN  o.s.b.j.a.JpaBaseConfiguration$JpaWebConfiguration - spring.jpa.open-in-view is enabled by default. Therefore, database queries may be performed during view rendering. Explicitly configure spring.jpa.open-in-view to disable this warning
2026-04-10 14:41:32 [main] INFO  o.a.coyote.http11.Http11NioProtocol - Starting ProtocolHandler ["http-nio-8080"]
2026-04-10 14:41:32 [main] INFO  o.s.boot.tomcat.TomcatWebServer - Tomcat started on port 8080 (http) with context path '/'
2026-04-10 14:41:32 [main] INFO  org.example.demo.DemoApplication - Started DemoApplication in 23.24 seconds (process running for 25.731)
2026-04-10 14:41:32 [main] WARN  o.s.c.events.SpringDocAppInitializer - SpringDoc /v3/api-docs endpoint is enabled by default. To disable it in production, set the property 'springdoc.api-docs.enabled=false'
2026-04-10 14:41:32 [main] WARN  o.s.c.events.SpringDocAppInitializer - SpringDoc /swagger-ui.html endpoint is enabled by default. To disable it in production, set the property 'springdoc.swagger-ui.enabled=false'
2026-04-10 14:41:32 [http-nio-8080-exec-1] INFO  o.a.c.c.C.[Tomcat].[localhost].[/] - Initializing Spring DispatcherServlet 'dispatcherServlet'
2026-04-10 14:41:32 [http-nio-8080-exec-1] INFO  o.s.web.servlet.DispatcherServlet - Initializing Servlet 'dispatcherServlet'
2026-04-10 14:41:32 [http-nio-8080-exec-1] INFO  o.s.web.servlet.DispatcherServlet - Completed initialization in 2 ms
2026-04-10 14:41:33 [http-nio-8080-exec-1] INFO  o.e.demo.exception.ExceptionHandling - Validation failed | fields: [Field error in object 'productQueryRequest' on field 'page': rejected value [1.7]; codes [typeMismatch.productQueryRequest.page,typeMismatch.page,typeMismatch.java.lang.Integer,typeMismatch]; arguments [org.springframework.context.support.DefaultMessageSourceResolvable: codes [productQueryRequest.page,page]; arguments []; default message [page]]; default message [Failed to convert value of type 'java.lang.String' to required type 'java.lang.Integer'; For input string: "1.7"]] | message: Validation failed for argument [0] in public org.example.demo.common.ApiResponse<org.example.demo.dto.response.ProductPageResponse> org.example.demo.controllers.ProductController.getProducts(org.example.demo.dto.request.ProductQueryRequest): [Field error in object 'productQueryRequest' on field 'page': rejected value [1.7]; codes [typeMismatch.productQueryRequest.page,typeMismatch.page,typeMismatch.java.lang.Integer,typeMismatch]; arguments [org.springframework.context.support.DefaultMessageSourceResolvable: codes [productQueryRequest.page,page]; arguments []; default message [page]]; default message [Failed to convert value of type 'java.lang.String' to required type 'java.lang.Integer'; For input string: "1.7"]] 
2026-04-10 14:41:49 [http-nio-8080-exec-6] INFO  o.e.demo.exception.ExceptionHandling - Validation failed | fields: [Field error in object 'productQueryRequest' on field 'page': rejected value [1.7]; codes [typeMismatch.productQueryRequest.page,typeMismatch.page,typeMismatch.java.lang.Integer,typeMismatch]; arguments [org.springframework.context.support.DefaultMessageSourceResolvable: codes [productQueryRequest.page,page]; arguments []; default message [page]]; default message [Failed to convert value of type 'java.lang.String' to required type 'java.lang.Integer'; For input string: "1.7"]] | message: Validation failed for argument [0] in public org.example.demo.common.ApiResponse<org.example.demo.dto.response.ProductPageResponse> org.example.demo.controllers.ProductController.getProducts(org.example.demo.dto.request.ProductQueryRequest): [Field error in object 'productQueryRequest' on field 'page': rejected value [1.7]; codes [typeMismatch.productQueryRequest.page,typeMismatch.page,typeMismatch.java.lang.Integer,typeMismatch]; arguments [org.springframework.context.support.DefaultMessageSourceResolvable: codes [productQueryRequest.page,page]; arguments []; default message [page]]; default message [Failed to convert value of type 'java.lang.String' to required type 'java.lang.Integer'; For input string: "1.7"]] 
2026-04-10 14:41:50 [http-nio-8080-exec-3] INFO  o.e.demo.exception.ExceptionHandling - Validation failed | fields: [Field error in object 'productQueryRequest' on field 'page': rejected value [1.7]; codes [typeMismatch.productQueryRequest.page,typeMismatch.page,typeMismatch.java.lang.Integer,typeMismatch]; arguments [org.springframework.context.support.DefaultMessageSourceResolvable: codes [productQueryRequest.page,page]; arguments []; default message [page]]; default message [Failed to convert value of type 'java.lang.String' to required type 'java.lang.Integer'; For input string: "1.7"]] | message: Validation failed for argument [0] in public org.example.demo.common.ApiResponse<org.example.demo.dto.response.ProductPageResponse> org.example.demo.controllers.ProductController.getProducts(org.example.demo.dto.request.ProductQueryRequest): [Field error in object 'productQueryRequest' on field 'page': rejected value [1.7]; codes [typeMismatch.productQueryRequest.page,typeMismatch.page,typeMismatch.java.lang.Integer,typeMismatch]; arguments [org.springframework.context.support.DefaultMessageSourceResolvable: codes [productQueryRequest.page,page]; arguments []; default message [page]]; default message [Failed to convert value of type 'java.lang.String' to required type 'java.lang.Integer'; For input string: "1.7"]] 
2026-04-10 14:41:50 [http-nio-8080-exec-7] INFO  o.e.demo.exception.ExceptionHandling - Validation failed | fields: [Field error in object 'productQueryRequest' on field 'page': rejected value [1.7]; codes [typeMismatch.productQueryRequest.page,typeMismatch.page,typeMismatch.java.lang.Integer,typeMismatch]; arguments [org.springframework.context.support.DefaultMessageSourceResolvable: codes [productQueryRequest.page,page]; arguments []; default message [page]]; default message [Failed to convert value of type 'java.lang.String' to required type 'java.lang.Integer'; For input string: "1.7"]] | message: Validation failed for argument [0] in public org.example.demo.common.ApiResponse<org.example.demo.dto.response.ProductPageResponse> org.example.demo.controllers.ProductController.getProducts(org.example.demo.dto.request.ProductQueryRequest): [Field error in object 'productQueryRequest' on field 'page': rejected value [1.7]; codes [typeMismatch.productQueryRequest.page,typeMismatch.page,typeMismatch.java.lang.Integer,typeMismatch]; arguments [org.springframework.context.support.DefaultMessageSourceResolvable: codes [productQueryRequest.page,page]; arguments []; default message [page]]; default message [Failed to convert value of type 'java.lang.String' to required type 'java.lang.Integer'; For input string: "1.7"]] 
2026-04-10 14:57:36 [http-nio-8080-exec-1] INFO  o.e.demo.exception.ExceptionHandling - Validation failed | fields: [Field error in object 'productQueryRequest' on field 'page': rejected value [1.7]; codes [typeMismatch.productQueryRequest.page,typeMismatch.page,typeMismatch.java.lang.Integer,typeMismatch]; arguments [org.springframework.context.support.DefaultMessageSourceResolvable: codes [productQueryRequest.page,page]; arguments []; default message [page]]; default message [Failed to convert value of type 'java.lang.String' to required type 'java.lang.Integer'; For input string: "1.7"]] | message: Validation failed for argument [0] in public org.example.demo.common.ApiResponse<org.example.demo.dto.response.ProductPageResponse> org.example.demo.controllers.ProductController.getProducts(org.example.demo.dto.request.ProductQueryRequest): [Field error in object 'productQueryRequest' on field 'page': rejected value [1.7]; codes [typeMismatch.productQueryRequest.page,typeMismatch.page,typeMismatch.java.lang.Integer,typeMismatch]; arguments [org.springframework.context.support.DefaultMessageSourceResolvable: codes [productQueryRequest.page,page]; arguments []; default message [page]]; default message [Failed to convert value of type 'java.lang.String' to required type 'java.lang.Integer'; For input string: "1.7"]] 
2026-04-10 14:57:37 [http-nio-8080-exec-6] INFO  o.e.demo.exception.ExceptionHandling - Validation failed | fields: [Field error in object 'productQueryRequest' on field 'page': rejected value [1.7]; codes [typeMismatch.productQueryRequest.page,typeMismatch.page,typeMismatch.java.lang.Integer,typeMismatch]; arguments [org.springframework.context.support.DefaultMessageSourceResolvable: codes [productQueryRequest.page,page]; arguments []; default message [page]]; default message [Failed to convert value of type 'java.lang.String' to required type 'java.lang.Integer'; For input string: "1.7"]] | message: Validation failed for argument [0] in public org.example.demo.common.ApiResponse<org.example.demo.dto.response.ProductPageResponse> org.example.demo.controllers.ProductController.getProducts(org.example.demo.dto.request.ProductQueryRequest): [Field error in object 'productQueryRequest' on field 'page': rejected value [1.7]; codes [typeMismatch.productQueryRequest.page,typeMismatch.page,typeMismatch.java.lang.Integer,typeMismatch]; arguments [org.springframework.context.support.DefaultMessageSourceResolvable: codes [productQueryRequest.page,page]; arguments []; default message [page]]; default message [Failed to convert value of type 'java.lang.String' to required type 'java.lang.Integer'; For input string: "1.7"]] 
2026-04-10 14:58:53 [SpringApplicationShutdownHook] INFO  o.s.boot.tomcat.GracefulShutdown - Commencing graceful shutdown. Waiting for active requests to complete
2026-04-10 14:58:53 [tomcat-shutdown] INFO  o.s.boot.tomcat.GracefulShutdown - Graceful shutdown complete
2026-04-10 14:58:53 [SpringApplicationShutdownHook] INFO  o.s.o.j.LocalContainerEntityManagerFactoryBean - Closing JPA EntityManagerFactory for persistence unit 'default'
2026-04-10 14:58:53 [SpringApplicationShutdownHook] INFO  com.zaxxer.hikari.HikariDataSource - HikariPool-1 - Shutdown initiated...
2026-04-10 14:58:53 [SpringApplicationShutdownHook] INFO  com.zaxxer.hikari.HikariDataSource - HikariPool-1 - Shutdown completed.
2026-04-10 14:59:02 [background-preinit] INFO  o.h.validator.internal.util.Version - HV000001: Hibernate Validator 9.0.1.Final
2026-04-10 14:59:02 [main] INFO  org.example.demo.DemoApplication - Starting DemoApplication using Java 23.0.2 with PID 14632 (C:\workspace\sample\demo\target\classes started by phucn in C:\workspace\sample\demo)
2026-04-10 14:59:02 [main] INFO  org.example.demo.DemoApplication - No active profile set, falling back to 1 default profile: "default"
2026-04-10 14:59:04 [main] INFO  o.s.d.r.c.RepositoryConfigurationDelegate - Bootstrapping Spring Data JPA repositories in DEFAULT mode.
2026-04-10 14:59:04 [main] INFO  o.s.d.r.c.RepositoryConfigurationDelegate - Finished Spring Data repository scanning in 660 ms. Found 3 JPA repository interfaces.
2026-04-10 14:59:07 [main] INFO  o.s.boot.tomcat.TomcatWebServer - Tomcat initialized with port 8080 (http)
2026-04-10 14:59:07 [main] INFO  o.a.coyote.http11.Http11NioProtocol - Initializing ProtocolHandler ["http-nio-8080"]
2026-04-10 14:59:07 [main] INFO  o.a.catalina.core.StandardService - Starting service [Tomcat]
2026-04-10 14:59:07 [main] INFO  o.a.catalina.core.StandardEngine - Starting Servlet engine: [Apache Tomcat/11.0.20]
2026-04-10 14:59:07 [main] INFO  o.s.b.w.c.s.WebApplicationContextInitializer - Root WebApplicationContext: initialization completed in 4718 ms
2026-04-10 14:59:08 [main] INFO  org.hibernate.orm.jpa - HHH008540: Processing PersistenceUnitInfo [name: default]
2026-04-10 14:59:08 [main] INFO  org.hibernate.orm.core - HHH000001: Hibernate ORM core version 7.2.7.Final
2026-04-10 14:59:10 [main] INFO  o.s.o.j.p.SpringPersistenceUnitInfo - No LoadTimeWeaver setup: ignoring JPA class transformer
2026-04-10 14:59:10 [main] INFO  com.zaxxer.hikari.HikariDataSource - HikariPool-1 - Starting...
2026-04-10 14:59:12 [main] INFO  com.zaxxer.hikari.pool.HikariPool - HikariPool-1 - Added connection com.mysql.cj.jdbc.ConnectionImpl@7fb9a83c
2026-04-10 14:59:12 [main] INFO  com.zaxxer.hikari.HikariDataSource - HikariPool-1 - Start completed.
2026-04-10 14:59:13 [main] INFO  o.hibernate.orm.connections.pooling - HHH10001005: Database info:
	Database JDBC URL [jdbc:mysql://localhost:3306/learning]
	Database driver: MySQL Connector/J
	Database dialect: MySQLDialect
	Database version: 8.0.40
	Default catalog/schema: learning/undefined
	Autocommit mode: undefined/unknown
	Isolation level: REPEATABLE_READ [default REPEATABLE_READ]
	JDBC fetch size: none
	Pool: DataSourceConnectionProvider
	Minimum pool size: undefined/unknown
	Maximum pool size: undefined/unknown
2026-04-10 14:59:16 [main] INFO  org.hibernate.orm.core - HHH000489: No JTA platform available (set 'hibernate.transaction.jta.platform' to enable JTA platform integration)
2026-04-10 14:59:17 [main] INFO  o.s.o.j.LocalContainerEntityManagerFactoryBean - Initialized JPA EntityManagerFactory for persistence unit 'default'
2026-04-10 14:59:17 [main] INFO  o.s.d.j.r.q.QueryEnhancerFactories - Hibernate is in classpath; If applicable, HQL parser will be used.
2026-04-10 14:59:18 [main] INFO  o.s.s.c.a.a.c.InitializeAuthenticationProviderBeanManagerConfigurer$InitializeAuthenticationProviderManagerConfigurer - Global AuthenticationManager configured with AuthenticationProvider bean with name authenticationProvider
2026-04-10 14:59:18 [main] WARN  o.s.s.c.a.a.c.InitializeUserDetailsBeanManagerConfigurer$InitializeUserDetailsManagerConfigurer - Global AuthenticationManager configured with an AuthenticationProvider bean. UserDetailsService beans will not be used by Spring Security for automatically configuring username/password login. Consider removing the AuthenticationProvider bean. Alternatively, consider using the UserDetailsService in a manually instantiated DaoAuthenticationProvider. If the current configuration is intentional, to turn off this warning, increase the logging level of 'org.springframework.security.config.annotation.authentication.configuration.InitializeUserDetailsBeanManagerConfigurer' to ERROR
2026-04-10 14:59:19 [main] WARN  o.s.b.j.a.JpaBaseConfiguration$JpaWebConfiguration - spring.jpa.open-in-view is enabled by default. Therefore, database queries may be performed during view rendering. Explicitly configure spring.jpa.open-in-view to disable this warning
2026-04-10 14:59:21 [main] INFO  o.a.coyote.http11.Http11NioProtocol - Starting ProtocolHandler ["http-nio-8080"]
2026-04-10 14:59:21 [main] INFO  o.s.boot.tomcat.TomcatWebServer - Tomcat started on port 8080 (http) with context path '/'
2026-04-10 14:59:21 [main] INFO  org.example.demo.DemoApplication - Started DemoApplication in 19.862 seconds (process running for 21.887)
2026-04-10 14:59:21 [main] WARN  o.s.c.events.SpringDocAppInitializer - SpringDoc /v3/api-docs endpoint is enabled by default. To disable it in production, set the property 'springdoc.api-docs.enabled=false'
2026-04-10 14:59:21 [main] WARN  o.s.c.events.SpringDocAppInitializer - SpringDoc /swagger-ui.html endpoint is enabled by default. To disable it in production, set the property 'springdoc.swagger-ui.enabled=false'
2026-04-10 14:59:26 [http-nio-8080-exec-1] INFO  o.a.c.c.C.[Tomcat].[localhost].[/] - Initializing Spring DispatcherServlet 'dispatcherServlet'
2026-04-10 14:59:26 [http-nio-8080-exec-1] INFO  o.s.web.servlet.DispatcherServlet - Initializing Servlet 'dispatcherServlet'
2026-04-10 14:59:26 [http-nio-8080-exec-1] INFO  o.s.web.servlet.DispatcherServlet - Completed initialization in 2 ms
2026-04-10 14:59:26 [http-nio-8080-exec-1] INFO  o.e.demo.exception.ExceptionHandling - Validation failed | fields: [Field error in object 'productQueryRequest' on field 'page': rejected value [1.7]; codes [typeMismatch.productQueryRequest.page,typeMismatch.page,typeMismatch.java.lang.Integer,typeMismatch]; arguments [org.springframework.context.support.DefaultMessageSourceResolvable: codes [productQueryRequest.page,page]; arguments []; default message [page]]; default message [Failed to convert value of type 'java.lang.String' to required type 'java.lang.Integer'; For input string: "1.7"]] | message: Validation failed for argument [0] in public org.example.demo.common.ApiResponse<org.example.demo.dto.response.ProductPageResponse> org.example.demo.controllers.ProductController.getProducts(org.example.demo.dto.request.ProductQueryRequest): [Field error in object 'productQueryRequest' on field 'page': rejected value [1.7]; codes [typeMismatch.productQueryRequest.page,typeMismatch.page,typeMismatch.java.lang.Integer,typeMismatch]; arguments [org.springframework.context.support.DefaultMessageSourceResolvable: codes [productQueryRequest.page,page]; arguments []; default message [page]]; default message [Failed to convert value of type 'java.lang.String' to required type 'java.lang.Integer'; For input string: "1.7"]] 
2026-04-10 15:00:12 [SpringApplicationShutdownHook] INFO  o.s.boot.tomcat.GracefulShutdown - Commencing graceful shutdown. Waiting for active requests to complete
2026-04-10 15:00:12 [tomcat-shutdown] INFO  o.s.boot.tomcat.GracefulShutdown - Graceful shutdown complete
2026-04-10 15:00:12 [SpringApplicationShutdownHook] INFO  o.s.o.j.LocalContainerEntityManagerFactoryBean - Closing JPA EntityManagerFactory for persistence unit 'default'
2026-04-10 15:00:12 [SpringApplicationShutdownHook] INFO  com.zaxxer.hikari.HikariDataSource - HikariPool-1 - Shutdown initiated...
2026-04-10 15:00:12 [SpringApplicationShutdownHook] INFO  com.zaxxer.hikari.HikariDataSource - HikariPool-1 - Shutdown completed.
2026-04-10 15:00:17 [background-preinit] INFO  o.h.validator.internal.util.Version - HV000001: Hibernate Validator 9.0.1.Final
2026-04-10 15:00:17 [main] INFO  org.example.demo.DemoApplication - Starting DemoApplication using Java 23.0.2 with PID 4796 (C:\workspace\sample\demo\target\classes started by phucn in C:\workspace\sample\demo)
2026-04-10 15:00:17 [main] INFO  org.example.demo.DemoApplication - No active profile set, falling back to 1 default profile: "default"
2026-04-10 15:00:18 [main] INFO  o.s.d.r.c.RepositoryConfigurationDelegate - Bootstrapping Spring Data JPA repositories in DEFAULT mode.
2026-04-10 15:00:18 [main] INFO  o.s.d.r.c.RepositoryConfigurationDelegate - Finished Spring Data repository scanning in 447 ms. Found 3 JPA repository interfaces.
2026-04-10 15:00:20 [main] INFO  o.s.boot.tomcat.TomcatWebServer - Tomcat initialized with port 8080 (http)
2026-04-10 15:00:20 [main] INFO  o.a.coyote.http11.Http11NioProtocol - Initializing ProtocolHandler ["http-nio-8080"]
2026-04-10 15:00:20 [main] INFO  o.a.catalina.core.StandardService - Starting service [Tomcat]
2026-04-10 15:00:20 [main] INFO  o.a.catalina.core.StandardEngine - Starting Servlet engine: [Apache Tomcat/11.0.20]
2026-04-10 15:00:20 [main] INFO  o.s.b.w.c.s.WebApplicationContextInitializer - Root WebApplicationContext: initialization completed in 3210 ms
2026-04-10 15:00:20 [main] INFO  org.hibernate.orm.jpa - HHH008540: Processing PersistenceUnitInfo [name: default]
2026-04-10 15:00:21 [main] INFO  org.hibernate.orm.core - HHH000001: Hibernate ORM core version 7.2.7.Final
2026-04-10 15:00:22 [main] INFO  o.s.o.j.p.SpringPersistenceUnitInfo - No LoadTimeWeaver setup: ignoring JPA class transformer
2026-04-10 15:00:22 [main] INFO  com.zaxxer.hikari.HikariDataSource - HikariPool-1 - Starting...
2026-04-10 15:00:23 [main] INFO  com.zaxxer.hikari.pool.HikariPool - HikariPool-1 - Added connection com.mysql.cj.jdbc.ConnectionImpl@7de43652
2026-04-10 15:00:23 [main] INFO  com.zaxxer.hikari.HikariDataSource - HikariPool-1 - Start completed.
2026-04-10 15:00:24 [main] INFO  o.hibernate.orm.connections.pooling - HHH10001005: Database info:
	Database JDBC URL [jdbc:mysql://localhost:3306/learning]
	Database driver: MySQL Connector/J
	Database dialect: MySQLDialect
	Database version: 8.0.40
	Default catalog/schema: learning/undefined
	Autocommit mode: undefined/unknown
	Isolation level: REPEATABLE_READ [default REPEATABLE_READ]
	JDBC fetch size: none
	Pool: DataSourceConnectionProvider
	Minimum pool size: undefined/unknown
	Maximum pool size: undefined/unknown
2026-04-10 15:00:26 [main] INFO  org.hibernate.orm.core - HHH000489: No JTA platform available (set 'hibernate.transaction.jta.platform' to enable JTA platform integration)
2026-04-10 15:00:27 [main] INFO  o.s.o.j.LocalContainerEntityManagerFactoryBean - Initialized JPA EntityManagerFactory for persistence unit 'default'
2026-04-10 15:00:27 [main] INFO  o.s.d.j.r.q.QueryEnhancerFactories - Hibernate is in classpath; If applicable, HQL parser will be used.
2026-04-10 15:00:28 [main] INFO  o.s.s.c.a.a.c.InitializeAuthenticationProviderBeanManagerConfigurer$InitializeAuthenticationProviderManagerConfigurer - Global AuthenticationManager configured with AuthenticationProvider bean with name authenticationProvider
2026-04-10 15:00:28 [main] WARN  o.s.s.c.a.a.c.InitializeUserDetailsBeanManagerConfigurer$InitializeUserDetailsManagerConfigurer - Global AuthenticationManager configured with an AuthenticationProvider bean. UserDetailsService beans will not be used by Spring Security for automatically configuring username/password login. Consider removing the AuthenticationProvider bean. Alternatively, consider using the UserDetailsService in a manually instantiated DaoAuthenticationProvider. If the current configuration is intentional, to turn off this warning, increase the logging level of 'org.springframework.security.config.annotation.authentication.configuration.InitializeUserDetailsBeanManagerConfigurer' to ERROR
2026-04-10 15:00:28 [main] WARN  o.s.b.j.a.JpaBaseConfiguration$JpaWebConfiguration - spring.jpa.open-in-view is enabled by default. Therefore, database queries may be performed during view rendering. Explicitly configure spring.jpa.open-in-view to disable this warning
2026-04-10 15:00:30 [main] INFO  o.a.coyote.http11.Http11NioProtocol - Starting ProtocolHandler ["http-nio-8080"]
2026-04-10 15:00:30 [main] INFO  o.s.boot.tomcat.TomcatWebServer - Tomcat started on port 8080 (http) with context path '/'
2026-04-10 15:00:30 [main] INFO  org.example.demo.DemoApplication - Started DemoApplication in 13.99 seconds (process running for 15.092)
2026-04-10 15:00:30 [main] WARN  o.s.c.events.SpringDocAppInitializer - SpringDoc /v3/api-docs endpoint is enabled by default. To disable it in production, set the property 'springdoc.api-docs.enabled=false'
2026-04-10 15:00:30 [main] WARN  o.s.c.events.SpringDocAppInitializer - SpringDoc /swagger-ui.html endpoint is enabled by default. To disable it in production, set the property 'springdoc.swagger-ui.enabled=false'
2026-04-10 15:04:17 [http-nio-8080-exec-1] INFO  o.a.c.c.C.[Tomcat].[localhost].[/] - Initializing Spring DispatcherServlet 'dispatcherServlet'
2026-04-10 15:04:17 [http-nio-8080-exec-1] INFO  o.s.web.servlet.DispatcherServlet - Initializing Servlet 'dispatcherServlet'
2026-04-10 15:04:17 [http-nio-8080-exec-1] INFO  o.s.web.servlet.DispatcherServlet - Completed initialization in 5 ms
2026-04-10 15:04:17 [http-nio-8080-exec-1] WARN  o.s.w.s.m.s.DefaultHandlerExceptionResolver - Resolved [org.springframework.web.bind.MethodArgumentNotValidException: Validation failed for argument [0] in public org.example.demo.common.ApiResponse<org.example.demo.dto.response.ProductPageResponse> org.example.demo.controllers.ProductController.getProducts(org.example.demo.dto.request.ProductQueryRequest): [Field error in object 'productQueryRequest' on field 'page': rejected value [1.7]; codes [typeMismatch.productQueryRequest.page,typeMismatch.page,typeMismatch.java.lang.Integer,typeMismatch]; arguments [org.springframework.context.support.DefaultMessageSourceResolvable: codes [productQueryRequest.page,page]; arguments []; default message [page]]; default message [Failed to convert value of type 'java.lang.String' to required type 'java.lang.Integer'; For input string: "1.7"]] ]
2026-04-10 15:04:20 [http-nio-8080-exec-5] WARN  o.s.w.s.m.s.DefaultHandlerExceptionResolver - Resolved [org.springframework.web.bind.MethodArgumentNotValidException: Validation failed for argument [0] in public org.example.demo.common.ApiResponse<org.example.demo.dto.response.ProductPageResponse> org.example.demo.controllers.ProductController.getProducts(org.example.demo.dto.request.ProductQueryRequest): [Field error in object 'productQueryRequest' on field 'page': rejected value [1.7]; codes [typeMismatch.productQueryRequest.page,typeMismatch.page,typeMismatch.java.lang.Integer,typeMismatch]; arguments [org.springframework.context.support.DefaultMessageSourceResolvable: codes [productQueryRequest.page,page]; arguments []; default message [page]]; default message [Failed to convert value of type 'java.lang.String' to required type 'java.lang.Integer'; For input string: "1.7"]] ]
2026-04-10 15:04:44 [http-nio-8080-exec-3] WARN  o.s.w.s.m.s.DefaultHandlerExceptionResolver - Resolved [org.springframework.web.bind.MethodArgumentNotValidException: Validation failed for argument [0] in public org.example.demo.common.ApiResponse<org.example.demo.dto.response.ProductPageResponse> org.example.demo.controllers.ProductController.getProducts(org.example.demo.dto.request.ProductQueryRequest): [Field error in object 'productQueryRequest' on field 'page': rejected value [1.7]; codes [typeMismatch.productQueryRequest.page,typeMismatch.page,typeMismatch.java.lang.Integer,typeMismatch]; arguments [org.springframework.context.support.DefaultMessageSourceResolvable: codes [productQueryRequest.page,page]; arguments []; default message [page]]; default message [Failed to convert value of type 'java.lang.String' to required type 'java.lang.Integer'; For input string: "1.7"]] ]
2026-04-10 15:04:53 [http-nio-8080-exec-2] WARN  o.s.w.s.m.s.DefaultHandlerExceptionResolver - Resolved [org.springframework.web.bind.MethodArgumentNotValidException: Validation failed for argument [0] in public org.example.demo.common.ApiResponse<org.example.demo.dto.response.ProductPageResponse> org.example.demo.controllers.ProductController.getProducts(org.example.demo.dto.request.ProductQueryRequest): [Field error in object 'productQueryRequest' on field 'page': rejected value [1.7]; codes [typeMismatch.productQueryRequest.page,typeMismatch.page,typeMismatch.java.lang.Integer,typeMismatch]; arguments [org.springframework.context.support.DefaultMessageSourceResolvable: codes [productQueryRequest.page,page]; arguments []; default message [page]]; default message [Failed to convert value of type 'java.lang.String' to required type 'java.lang.Integer'; For input string: "1.7"]] ]
2026-04-10 15:05:11 [SpringApplicationShutdownHook] INFO  o.s.boot.tomcat.GracefulShutdown - Commencing graceful shutdown. Waiting for active requests to complete
2026-04-10 15:05:11 [tomcat-shutdown] INFO  o.s.boot.tomcat.GracefulShutdown - Graceful shutdown complete
2026-04-10 15:05:11 [SpringApplicationShutdownHook] INFO  o.s.o.j.LocalContainerEntityManagerFactoryBean - Closing JPA EntityManagerFactory for persistence unit 'default'
2026-04-10 15:05:11 [SpringApplicationShutdownHook] INFO  com.zaxxer.hikari.HikariDataSource - HikariPool-1 - Shutdown initiated...
2026-04-10 15:05:11 [SpringApplicationShutdownHook] INFO  com.zaxxer.hikari.HikariDataSource - HikariPool-1 - Shutdown completed.
2026-04-10 15:05:14 [background-preinit] INFO  o.h.validator.internal.util.Version - HV000001: Hibernate Validator 9.0.1.Final
2026-04-10 15:05:14 [main] INFO  org.example.demo.DemoApplication - Starting DemoApplication using Java 23.0.2 with PID 15832 (C:\workspace\sample\demo\target\classes started by phucn in C:\workspace\sample\demo)
2026-04-10 15:05:14 [main] INFO  org.example.demo.DemoApplication - No active profile set, falling back to 1 default profile: "default"
2026-04-10 15:05:15 [main] INFO  o.s.d.r.c.RepositoryConfigurationDelegate - Bootstrapping Spring Data JPA repositories in DEFAULT mode.
2026-04-10 15:05:15 [main] INFO  o.s.d.r.c.RepositoryConfigurationDelegate - Finished Spring Data repository scanning in 505 ms. Found 3 JPA repository interfaces.
2026-04-10 15:05:16 [main] INFO  o.s.boot.tomcat.TomcatWebServer - Tomcat initialized with port 8080 (http)
2026-04-10 15:05:16 [main] INFO  o.a.coyote.http11.Http11NioProtocol - Initializing ProtocolHandler ["http-nio-8080"]
2026-04-10 15:05:16 [main] INFO  o.a.catalina.core.StandardService - Starting service [Tomcat]
2026-04-10 15:05:16 [main] INFO  o.a.catalina.core.StandardEngine - Starting Servlet engine: [Apache Tomcat/11.0.20]
2026-04-10 15:05:17 [main] INFO  o.s.b.w.c.s.WebApplicationContextInitializer - Root WebApplicationContext: initialization completed in 2870 ms
2026-04-10 15:05:17 [main] INFO  org.hibernate.orm.jpa - HHH008540: Processing PersistenceUnitInfo [name: default]
2026-04-10 15:05:17 [main] INFO  org.hibernate.orm.core - HHH000001: Hibernate ORM core version 7.2.7.Final
2026-04-10 15:05:18 [main] INFO  o.s.o.j.p.SpringPersistenceUnitInfo - No LoadTimeWeaver setup: ignoring JPA class transformer
2026-04-10 15:05:18 [main] INFO  com.zaxxer.hikari.HikariDataSource - HikariPool-1 - Starting...
2026-04-10 15:05:19 [main] INFO  com.zaxxer.hikari.pool.HikariPool - HikariPool-1 - Added connection com.mysql.cj.jdbc.ConnectionImpl@63896cf7
2026-04-10 15:05:19 [main] INFO  com.zaxxer.hikari.HikariDataSource - HikariPool-1 - Start completed.
2026-04-10 15:05:19 [main] INFO  o.hibernate.orm.connections.pooling - HHH10001005: Database info:
	Database JDBC URL [jdbc:mysql://localhost:3306/learning]
	Database driver: MySQL Connector/J
	Database dialect: MySQLDialect
	Database version: 8.0.40
	Default catalog/schema: learning/undefined
	Autocommit mode: undefined/unknown
	Isolation level: REPEATABLE_READ [default REPEATABLE_READ]
	JDBC fetch size: none
	Pool: DataSourceConnectionProvider
	Minimum pool size: undefined/unknown
	Maximum pool size: undefined/unknown
2026-04-10 15:05:22 [main] INFO  org.hibernate.orm.core - HHH000489: No JTA platform available (set 'hibernate.transaction.jta.platform' to enable JTA platform integration)
2026-04-10 15:05:22 [main] INFO  o.s.o.j.LocalContainerEntityManagerFactoryBean - Initialized JPA EntityManagerFactory for persistence unit 'default'
2026-04-10 15:05:22 [main] INFO  o.s.d.j.r.q.QueryEnhancerFactories - Hibernate is in classpath; If applicable, HQL parser will be used.
2026-04-10 15:05:23 [main] INFO  o.s.s.c.a.a.c.InitializeAuthenticationProviderBeanManagerConfigurer$InitializeAuthenticationProviderManagerConfigurer - Global AuthenticationManager configured with AuthenticationProvider bean with name authenticationProvider
2026-04-10 15:05:23 [main] WARN  o.s.s.c.a.a.c.InitializeUserDetailsBeanManagerConfigurer$InitializeUserDetailsManagerConfigurer - Global AuthenticationManager configured with an AuthenticationProvider bean. UserDetailsService beans will not be used by Spring Security for automatically configuring username/password login. Consider removing the AuthenticationProvider bean. Alternatively, consider using the UserDetailsService in a manually instantiated DaoAuthenticationProvider. If the current configuration is intentional, to turn off this warning, increase the logging level of 'org.springframework.security.config.annotation.authentication.configuration.InitializeUserDetailsBeanManagerConfigurer' to ERROR
2026-04-10 15:05:23 [main] WARN  o.s.b.j.a.JpaBaseConfiguration$JpaWebConfiguration - spring.jpa.open-in-view is enabled by default. Therefore, database queries may be performed during view rendering. Explicitly configure spring.jpa.open-in-view to disable this warning
2026-04-10 15:05:25 [main] INFO  o.a.coyote.http11.Http11NioProtocol - Starting ProtocolHandler ["http-nio-8080"]
2026-04-10 15:05:25 [main] INFO  o.s.boot.tomcat.TomcatWebServer - Tomcat started on port 8080 (http) with context path '/'
2026-04-10 15:05:25 [main] INFO  org.example.demo.DemoApplication - Started DemoApplication in 12.011 seconds (process running for 13.325)
2026-04-10 15:05:25 [main] WARN  o.s.c.events.SpringDocAppInitializer - SpringDoc /v3/api-docs endpoint is enabled by default. To disable it in production, set the property 'springdoc.api-docs.enabled=false'
2026-04-10 15:05:25 [main] WARN  o.s.c.events.SpringDocAppInitializer - SpringDoc /swagger-ui.html endpoint is enabled by default. To disable it in production, set the property 'springdoc.swagger-ui.enabled=false'
2026-04-10 15:05:32 [http-nio-8080-exec-1] INFO  o.a.c.c.C.[Tomcat].[localhost].[/] - Initializing Spring DispatcherServlet 'dispatcherServlet'
2026-04-10 15:05:32 [http-nio-8080-exec-1] INFO  o.s.web.servlet.DispatcherServlet - Initializing Servlet 'dispatcherServlet'
2026-04-10 15:05:32 [http-nio-8080-exec-1] INFO  o.s.web.servlet.DispatcherServlet - Completed initialization in 1 ms
2026-04-10 15:05:32 [http-nio-8080-exec-1] WARN  o.s.w.s.m.s.DefaultHandlerExceptionResolver - Resolved [org.springframework.web.bind.MethodArgumentNotValidException: Validation failed for argument [0] in public org.example.demo.common.ApiResponse<org.example.demo.dto.response.ProductPageResponse> org.example.demo.controllers.ProductController.getProducts(org.example.demo.dto.request.ProductQueryRequest): [Field error in object 'productQueryRequest' on field 'page': rejected value [1.7]; codes [typeMismatch.productQueryRequest.page,typeMismatch.page,typeMismatch.java.lang.Integer,typeMismatch]; arguments [org.springframework.context.support.DefaultMessageSourceResolvable: codes [productQueryRequest.page,page]; arguments []; default message [page]]; default message [Failed to convert value of type 'java.lang.String' to required type 'java.lang.Integer'; For input string: "1.7"]] ]
2026-04-10 15:11:30 [SpringApplicationShutdownHook] INFO  o.s.boot.tomcat.GracefulShutdown - Commencing graceful shutdown. Waiting for active requests to complete
2026-04-10 15:11:30 [tomcat-shutdown] INFO  o.s.boot.tomcat.GracefulShutdown - Graceful shutdown complete
2026-04-10 15:11:30 [SpringApplicationShutdownHook] INFO  o.s.o.j.LocalContainerEntityManagerFactoryBean - Closing JPA EntityManagerFactory for persistence unit 'default'
2026-04-10 15:11:30 [SpringApplicationShutdownHook] INFO  com.zaxxer.hikari.HikariDataSource - HikariPool-1 - Shutdown initiated...
2026-04-10 15:11:30 [SpringApplicationShutdownHook] INFO  com.zaxxer.hikari.HikariDataSource - HikariPool-1 - Shutdown completed.
2026-04-10 15:11:38 [background-preinit] INFO  o.h.validator.internal.util.Version - HV000001: Hibernate Validator 9.0.1.Final
2026-04-10 15:11:38 [main] INFO  org.example.demo.DemoApplication - Starting DemoApplication using Java 23.0.2 with PID 24544 (C:\workspace\sample\demo\target\classes started by phucn in C:\workspace\sample\demo)
2026-04-10 15:11:38 [main] INFO  org.example.demo.DemoApplication - No active profile set, falling back to 1 default profile: "default"
2026-04-10 15:11:39 [main] INFO  o.s.d.r.c.RepositoryConfigurationDelegate - Bootstrapping Spring Data JPA repositories in DEFAULT mode.
2026-04-10 15:11:40 [main] INFO  o.s.d.r.c.RepositoryConfigurationDelegate - Finished Spring Data repository scanning in 799 ms. Found 3 JPA repository interfaces.
2026-04-10 15:11:43 [main] INFO  o.s.boot.tomcat.TomcatWebServer - Tomcat initialized with port 8080 (http)
2026-04-10 15:11:43 [main] INFO  o.a.coyote.http11.Http11NioProtocol - Initializing ProtocolHandler ["http-nio-8080"]
2026-04-10 15:11:43 [main] INFO  o.a.catalina.core.StandardService - Starting service [Tomcat]
2026-04-10 15:11:43 [main] INFO  o.a.catalina.core.StandardEngine - Starting Servlet engine: [Apache Tomcat/11.0.20]
2026-04-10 15:11:43 [main] INFO  o.s.b.w.c.s.WebApplicationContextInitializer - Root WebApplicationContext: initialization completed in 5074 ms
2026-04-10 15:11:43 [main] INFO  org.hibernate.orm.jpa - HHH008540: Processing PersistenceUnitInfo [name: default]
2026-04-10 15:11:44 [main] INFO  org.hibernate.orm.core - HHH000001: Hibernate ORM core version 7.2.7.Final
2026-04-10 15:11:46 [main] INFO  o.s.o.j.p.SpringPersistenceUnitInfo - No LoadTimeWeaver setup: ignoring JPA class transformer
2026-04-10 15:11:46 [main] INFO  com.zaxxer.hikari.HikariDataSource - HikariPool-1 - Starting...
2026-04-10 15:11:48 [main] INFO  com.zaxxer.hikari.pool.HikariPool - HikariPool-1 - Added connection com.mysql.cj.jdbc.ConnectionImpl@5dff108c
2026-04-10 15:11:48 [main] INFO  com.zaxxer.hikari.HikariDataSource - HikariPool-1 - Start completed.
2026-04-10 15:11:48 [main] INFO  o.hibernate.orm.connections.pooling - HHH10001005: Database info:
	Database JDBC URL [jdbc:mysql://localhost:3306/learning]
	Database driver: MySQL Connector/J
	Database dialect: MySQLDialect
	Database version: 8.0.40
	Default catalog/schema: learning/undefined
	Autocommit mode: undefined/unknown
	Isolation level: REPEATABLE_READ [default REPEATABLE_READ]
	JDBC fetch size: none
	Pool: DataSourceConnectionProvider
	Minimum pool size: undefined/unknown
	Maximum pool size: undefined/unknown
2026-04-10 15:11:52 [main] INFO  org.hibernate.orm.core - HHH000489: No JTA platform available (set 'hibernate.transaction.jta.platform' to enable JTA platform integration)
2026-04-10 15:11:52 [main] INFO  o.s.o.j.LocalContainerEntityManagerFactoryBean - Initialized JPA EntityManagerFactory for persistence unit 'default'
2026-04-10 15:11:53 [main] INFO  o.s.d.j.r.q.QueryEnhancerFactories - Hibernate is in classpath; If applicable, HQL parser will be used.
2026-04-10 15:11:54 [main] INFO  o.s.s.c.a.a.c.InitializeAuthenticationProviderBeanManagerConfigurer$InitializeAuthenticationProviderManagerConfigurer - Global AuthenticationManager configured with AuthenticationProvider bean with name authenticationProvider
2026-04-10 15:11:54 [main] WARN  o.s.s.c.a.a.c.InitializeUserDetailsBeanManagerConfigurer$InitializeUserDetailsManagerConfigurer - Global AuthenticationManager configured with an AuthenticationProvider bean. UserDetailsService beans will not be used by Spring Security for automatically configuring username/password login. Consider removing the AuthenticationProvider bean. Alternatively, consider using the UserDetailsService in a manually instantiated DaoAuthenticationProvider. If the current configuration is intentional, to turn off this warning, increase the logging level of 'org.springframework.security.config.annotation.authentication.configuration.InitializeUserDetailsBeanManagerConfigurer' to ERROR
2026-04-10 15:11:55 [main] WARN  o.s.b.j.a.JpaBaseConfiguration$JpaWebConfiguration - spring.jpa.open-in-view is enabled by default. Therefore, database queries may be performed during view rendering. Explicitly configure spring.jpa.open-in-view to disable this warning
2026-04-10 15:11:57 [main] INFO  o.a.coyote.http11.Http11NioProtocol - Starting ProtocolHandler ["http-nio-8080"]
2026-04-10 15:11:57 [main] INFO  o.s.boot.tomcat.TomcatWebServer - Tomcat started on port 8080 (http) with context path '/'
2026-04-10 15:11:57 [main] INFO  org.example.demo.DemoApplication - Started DemoApplication in 20.273 seconds (process running for 21.873)
2026-04-10 15:11:57 [main] WARN  o.s.c.events.SpringDocAppInitializer - SpringDoc /v3/api-docs endpoint is enabled by default. To disable it in production, set the property 'springdoc.api-docs.enabled=false'
2026-04-10 15:11:57 [main] WARN  o.s.c.events.SpringDocAppInitializer - SpringDoc /swagger-ui.html endpoint is enabled by default. To disable it in production, set the property 'springdoc.swagger-ui.enabled=false'
2026-04-10 15:11:57 [http-nio-8080-exec-1] INFO  o.a.c.c.C.[Tomcat].[localhost].[/] - Initializing Spring DispatcherServlet 'dispatcherServlet'
2026-04-10 15:11:57 [http-nio-8080-exec-1] INFO  o.s.web.servlet.DispatcherServlet - Initializing Servlet 'dispatcherServlet'
2026-04-10 15:11:57 [http-nio-8080-exec-1] INFO  o.s.web.servlet.DispatcherServlet - Completed initialization in 1 ms
2026-04-10 15:11:58 [http-nio-8080-exec-1] INFO  o.e.demo.exception.ExceptionHandling - Validation failed | fields: [Field error in object 'productQueryRequest' on field 'page': rejected value [1.7]; codes [typeMismatch.productQueryRequest.page,typeMismatch.page,typeMismatch.java.lang.Integer,typeMismatch]; arguments [org.springframework.context.support.DefaultMessageSourceResolvable: codes [productQueryRequest.page,page]; arguments []; default message [page]]; default message [Failed to convert value of type 'java.lang.String' to required type 'java.lang.Integer'; For input string: "1.7"]] | message: Validation failed for argument [0] in public org.example.demo.common.ApiResponse<org.example.demo.dto.response.ProductPageResponse> org.example.demo.controllers.ProductController.getProducts(org.example.demo.dto.request.ProductQueryRequest): [Field error in object 'productQueryRequest' on field 'page': rejected value [1.7]; codes [typeMismatch.productQueryRequest.page,typeMismatch.page,typeMismatch.java.lang.Integer,typeMismatch]; arguments [org.springframework.context.support.DefaultMessageSourceResolvable: codes [productQueryRequest.page,page]; arguments []; default message [page]]; default message [Failed to convert value of type 'java.lang.String' to required type 'java.lang.Integer'; For input string: "1.7"]] 
2026-04-10 15:17:50 [http-nio-8080-exec-4] INFO  o.e.demo.exception.ExceptionHandling - Validation failed | fields: [Field error in object 'productQueryRequest' on field 'page': rejected value [1.7]; codes [typeMismatch.productQueryRequest.page,typeMismatch.page,typeMismatch.java.lang.Integer,typeMismatch]; arguments [org.springframework.context.support.DefaultMessageSourceResolvable: codes [productQueryRequest.page,page]; arguments []; default message [page]]; default message [Failed to convert value of type 'java.lang.String' to required type 'java.lang.Integer'; For input string: "1.7"]] | message: Validation failed for argument [0] in public org.example.demo.common.ApiResponse<org.example.demo.dto.response.ProductPageResponse> org.example.demo.controllers.ProductController.getProducts(org.example.demo.dto.request.ProductQueryRequest): [Field error in object 'productQueryRequest' on field 'page': rejected value [1.7]; codes [typeMismatch.productQueryRequest.page,typeMismatch.page,typeMismatch.java.lang.Integer,typeMismatch]; arguments [org.springframework.context.support.DefaultMessageSourceResolvable: codes [productQueryRequest.page,page]; arguments []; default message [page]]; default message [Failed to convert value of type 'java.lang.String' to required type 'java.lang.Integer'; For input string: "1.7"]] 
2026-04-10 15:19:42 [SpringApplicationShutdownHook] INFO  o.s.boot.tomcat.GracefulShutdown - Commencing graceful shutdown. Waiting for active requests to complete
2026-04-10 15:19:42 [tomcat-shutdown] INFO  o.s.boot.tomcat.GracefulShutdown - Graceful shutdown complete
2026-04-10 15:19:42 [SpringApplicationShutdownHook] INFO  o.s.o.j.LocalContainerEntityManagerFactoryBean - Closing JPA EntityManagerFactory for persistence unit 'default'
2026-04-10 15:19:42 [SpringApplicationShutdownHook] INFO  com.zaxxer.hikari.HikariDataSource - HikariPool-1 - Shutdown initiated...
2026-04-10 15:19:42 [SpringApplicationShutdownHook] INFO  com.zaxxer.hikari.HikariDataSource - HikariPool-1 - Shutdown completed.
2026-04-10 15:19:47 [background-preinit] INFO  o.h.validator.internal.util.Version - HV000001: Hibernate Validator 9.0.1.Final
2026-04-10 15:19:47 [main] INFO  org.example.demo.DemoApplication - Starting DemoApplication using Java 23.0.2 with PID 14932 (C:\workspace\sample\demo\target\classes started by phucn in C:\workspace\sample\demo)
2026-04-10 15:19:47 [main] INFO  org.example.demo.DemoApplication - No active profile set, falling back to 1 default profile: "default"
2026-04-10 15:19:48 [main] INFO  o.s.d.r.c.RepositoryConfigurationDelegate - Bootstrapping Spring Data JPA repositories in DEFAULT mode.
2026-04-10 15:19:48 [main] INFO  o.s.d.r.c.RepositoryConfigurationDelegate - Finished Spring Data repository scanning in 471 ms. Found 3 JPA repository interfaces.
2026-04-10 15:19:50 [main] INFO  o.s.boot.tomcat.TomcatWebServer - Tomcat initialized with port 8080 (http)
2026-04-10 15:19:50 [main] INFO  o.a.coyote.http11.Http11NioProtocol - Initializing ProtocolHandler ["http-nio-8080"]
2026-04-10 15:19:50 [main] INFO  o.a.catalina.core.StandardService - Starting service [Tomcat]
2026-04-10 15:19:50 [main] INFO  o.a.catalina.core.StandardEngine - Starting Servlet engine: [Apache Tomcat/11.0.20]
2026-04-10 15:19:50 [main] INFO  o.s.b.w.c.s.WebApplicationContextInitializer - Root WebApplicationContext: initialization completed in 3241 ms
2026-04-10 15:19:50 [main] INFO  org.hibernate.orm.jpa - HHH008540: Processing PersistenceUnitInfo [name: default]
2026-04-10 15:19:51 [main] INFO  org.hibernate.orm.core - HHH000001: Hibernate ORM core version 7.2.7.Final
2026-04-10 15:19:52 [main] INFO  o.s.o.j.p.SpringPersistenceUnitInfo - No LoadTimeWeaver setup: ignoring JPA class transformer
2026-04-10 15:19:52 [main] INFO  com.zaxxer.hikari.HikariDataSource - HikariPool-1 - Starting...
2026-04-10 15:19:54 [main] INFO  com.zaxxer.hikari.pool.HikariPool - HikariPool-1 - Added connection com.mysql.cj.jdbc.ConnectionImpl@6d4f266
2026-04-10 15:19:54 [main] INFO  com.zaxxer.hikari.HikariDataSource - HikariPool-1 - Start completed.
2026-04-10 15:19:54 [main] INFO  o.hibernate.orm.connections.pooling - HHH10001005: Database info:
	Database JDBC URL [jdbc:mysql://localhost:3306/learning]
	Database driver: MySQL Connector/J
	Database dialect: MySQLDialect
	Database version: 8.0.40
	Default catalog/schema: learning/undefined
	Autocommit mode: undefined/unknown
	Isolation level: REPEATABLE_READ [default REPEATABLE_READ]
	JDBC fetch size: none
	Pool: DataSourceConnectionProvider
	Minimum pool size: undefined/unknown
	Maximum pool size: undefined/unknown
2026-04-10 15:19:57 [main] INFO  org.hibernate.orm.core - HHH000489: No JTA platform available (set 'hibernate.transaction.jta.platform' to enable JTA platform integration)
2026-04-10 15:19:57 [main] INFO  o.s.o.j.LocalContainerEntityManagerFactoryBean - Initialized JPA EntityManagerFactory for persistence unit 'default'
2026-04-10 15:19:58 [main] INFO  o.s.d.j.r.q.QueryEnhancerFactories - Hibernate is in classpath; If applicable, HQL parser will be used.
2026-04-10 15:19:58 [main] INFO  o.s.s.c.a.a.c.InitializeAuthenticationProviderBeanManagerConfigurer$InitializeAuthenticationProviderManagerConfigurer - Global AuthenticationManager configured with AuthenticationProvider bean with name authenticationProvider
2026-04-10 15:19:58 [main] WARN  o.s.s.c.a.a.c.InitializeUserDetailsBeanManagerConfigurer$InitializeUserDetailsManagerConfigurer - Global AuthenticationManager configured with an AuthenticationProvider bean. UserDetailsService beans will not be used by Spring Security for automatically configuring username/password login. Consider removing the AuthenticationProvider bean. Alternatively, consider using the UserDetailsService in a manually instantiated DaoAuthenticationProvider. If the current configuration is intentional, to turn off this warning, increase the logging level of 'org.springframework.security.config.annotation.authentication.configuration.InitializeUserDetailsBeanManagerConfigurer' to ERROR
2026-04-10 15:19:59 [main] WARN  o.s.b.j.a.JpaBaseConfiguration$JpaWebConfiguration - spring.jpa.open-in-view is enabled by default. Therefore, database queries may be performed during view rendering. Explicitly configure spring.jpa.open-in-view to disable this warning
2026-04-10 15:20:01 [main] INFO  o.a.coyote.http11.Http11NioProtocol - Starting ProtocolHandler ["http-nio-8080"]
2026-04-10 15:20:01 [main] INFO  o.s.boot.tomcat.TomcatWebServer - Tomcat started on port 8080 (http) with context path '/'
2026-04-10 15:20:01 [main] INFO  org.example.demo.DemoApplication - Started DemoApplication in 14.816 seconds (process running for 15.979)
2026-04-10 15:20:01 [main] WARN  o.s.c.events.SpringDocAppInitializer - SpringDoc /v3/api-docs endpoint is enabled by default. To disable it in production, set the property 'springdoc.api-docs.enabled=false'
2026-04-10 15:20:01 [main] WARN  o.s.c.events.SpringDocAppInitializer - SpringDoc /swagger-ui.html endpoint is enabled by default. To disable it in production, set the property 'springdoc.swagger-ui.enabled=false'
2026-04-10 15:20:19 [http-nio-8080-exec-1] INFO  o.a.c.c.C.[Tomcat].[localhost].[/] - Initializing Spring DispatcherServlet 'dispatcherServlet'
2026-04-10 15:20:19 [http-nio-8080-exec-1] INFO  o.s.web.servlet.DispatcherServlet - Initializing Servlet 'dispatcherServlet'
2026-04-10 15:20:19 [http-nio-8080-exec-1] INFO  o.s.web.servlet.DispatcherServlet - Completed initialization in 3 ms
2026-04-10 15:20:20 [http-nio-8080-exec-1] INFO  o.e.demo.exception.ExceptionHandling - Validation failed | fields: [Field error in object 'productQueryRequest' on field 'page': rejected value [1.7]; codes [typeMismatch.productQueryRequest.page,typeMismatch.page,typeMismatch.java.lang.Integer,typeMismatch]; arguments [org.springframework.context.support.DefaultMessageSourceResolvable: codes [productQueryRequest.page,page]; arguments []; default message [page]]; default message [Failed to convert value of type 'java.lang.String' to required type 'java.lang.Integer'; For input string: "1.7"]] | message: Validation failed for argument [0] in public org.example.demo.common.ApiResponse<org.example.demo.dto.response.ProductPageResponse> org.example.demo.controllers.ProductController.getProducts(org.example.demo.dto.request.ProductQueryRequest): [Field error in object 'productQueryRequest' on field 'page': rejected value [1.7]; codes [typeMismatch.productQueryRequest.page,typeMismatch.page,typeMismatch.java.lang.Integer,typeMismatch]; arguments [org.springframework.context.support.DefaultMessageSourceResolvable: codes [productQueryRequest.page,page]; arguments []; default message [page]]; default message [Failed to convert value of type 'java.lang.String' to required type 'java.lang.Integer'; For input string: "1.7"]] 
2026-04-10 15:20:25 [http-nio-8080-exec-4] INFO  o.e.demo.exception.ExceptionHandling - Validation failed | fields: [Field error in object 'productQueryRequest' on field 'page': rejected value [1.7]; codes [typeMismatch.productQueryRequest.page,typeMismatch.page,typeMismatch.java.lang.Integer,typeMismatch]; arguments [org.springframework.context.support.DefaultMessageSourceResolvable: codes [productQueryRequest.page,page]; arguments []; default message [page]]; default message [Failed to convert value of type 'java.lang.String' to required type 'java.lang.Integer'; For input string: "1.7"]] | message: Validation failed for argument [0] in public org.example.demo.common.ApiResponse<org.example.demo.dto.response.ProductPageResponse> org.example.demo.controllers.ProductController.getProducts(org.example.demo.dto.request.ProductQueryRequest): [Field error in object 'productQueryRequest' on field 'page': rejected value [1.7]; codes [typeMismatch.productQueryRequest.page,typeMismatch.page,typeMismatch.java.lang.Integer,typeMismatch]; arguments [org.springframework.context.support.DefaultMessageSourceResolvable: codes [productQueryRequest.page,page]; arguments []; default message [page]]; default message [Failed to convert value of type 'java.lang.String' to required type 'java.lang.Integer'; For input string: "1.7"]] 
2026-04-10 15:20:26 [http-nio-8080-exec-6] INFO  o.e.demo.exception.ExceptionHandling - Validation failed | fields: [Field error in object 'productQueryRequest' on field 'page': rejected value [1.7]; codes [typeMismatch.productQueryRequest.page,typeMismatch.page,typeMismatch.java.lang.Integer,typeMismatch]; arguments [org.springframework.context.support.DefaultMessageSourceResolvable: codes [productQueryRequest.page,page]; arguments []; default message [page]]; default message [Failed to convert value of type 'java.lang.String' to required type 'java.lang.Integer'; For input string: "1.7"]] | message: Validation failed for argument [0] in public org.example.demo.common.ApiResponse<org.example.demo.dto.response.ProductPageResponse> org.example.demo.controllers.ProductController.getProducts(org.example.demo.dto.request.ProductQueryRequest): [Field error in object 'productQueryRequest' on field 'page': rejected value [1.7]; codes [typeMismatch.productQueryRequest.page,typeMismatch.page,typeMismatch.java.lang.Integer,typeMismatch]; arguments [org.springframework.context.support.DefaultMessageSourceResolvable: codes [productQueryRequest.page,page]; arguments []; default message [page]]; default message [Failed to convert value of type 'java.lang.String' to required type 'java.lang.Integer'; For input string: "1.7"]] 
2026-04-10 15:27:25 [SpringApplicationShutdownHook] INFO  o.s.boot.tomcat.GracefulShutdown - Commencing graceful shutdown. Waiting for active requests to complete
2026-04-10 15:27:25 [tomcat-shutdown] INFO  o.s.boot.tomcat.GracefulShutdown - Graceful shutdown complete
2026-04-10 15:27:25 [SpringApplicationShutdownHook] INFO  o.s.o.j.LocalContainerEntityManagerFactoryBean - Closing JPA EntityManagerFactory for persistence unit 'default'
2026-04-10 15:27:25 [SpringApplicationShutdownHook] INFO  com.zaxxer.hikari.HikariDataSource - HikariPool-1 - Shutdown initiated...
2026-04-10 15:27:25 [SpringApplicationShutdownHook] INFO  com.zaxxer.hikari.HikariDataSource - HikariPool-1 - Shutdown completed.
2026-04-10 15:27:30 [background-preinit] INFO  o.h.validator.internal.util.Version - HV000001: Hibernate Validator 9.0.1.Final
2026-04-10 15:27:30 [main] INFO  org.example.demo.DemoApplication - Starting DemoApplication using Java 23.0.2 with PID 26304 (C:\workspace\sample\demo\target\classes started by phucn in C:\workspace\sample\demo)
2026-04-10 15:27:30 [main] INFO  org.example.demo.DemoApplication - No active profile set, falling back to 1 default profile: "default"
2026-04-10 15:27:31 [main] INFO  o.s.d.r.c.RepositoryConfigurationDelegate - Bootstrapping Spring Data JPA repositories in DEFAULT mode.
2026-04-10 15:27:31 [main] INFO  o.s.d.r.c.RepositoryConfigurationDelegate - Finished Spring Data repository scanning in 486 ms. Found 3 JPA repository interfaces.
2026-04-10 15:27:33 [main] INFO  o.s.boot.tomcat.TomcatWebServer - Tomcat initialized with port 8080 (http)
2026-04-10 15:27:33 [main] INFO  o.a.coyote.http11.Http11NioProtocol - Initializing ProtocolHandler ["http-nio-8080"]
2026-04-10 15:27:33 [main] INFO  o.a.catalina.core.StandardService - Starting service [Tomcat]
2026-04-10 15:27:33 [main] INFO  o.a.catalina.core.StandardEngine - Starting Servlet engine: [Apache Tomcat/11.0.20]
2026-04-10 15:27:33 [main] INFO  o.s.b.w.c.s.WebApplicationContextInitializer - Root WebApplicationContext: initialization completed in 2914 ms
2026-04-10 15:27:33 [main] INFO  org.hibernate.orm.jpa - HHH008540: Processing PersistenceUnitInfo [name: default]
2026-04-10 15:27:33 [main] INFO  org.hibernate.orm.core - HHH000001: Hibernate ORM core version 7.2.7.Final
2026-04-10 15:27:35 [main] INFO  o.s.o.j.p.SpringPersistenceUnitInfo - No LoadTimeWeaver setup: ignoring JPA class transformer
2026-04-10 15:27:35 [main] INFO  com.zaxxer.hikari.HikariDataSource - HikariPool-1 - Starting...
2026-04-10 15:27:36 [main] INFO  com.zaxxer.hikari.pool.HikariPool - HikariPool-1 - Added connection com.mysql.cj.jdbc.ConnectionImpl@2de07c57
2026-04-10 15:27:36 [main] INFO  com.zaxxer.hikari.HikariDataSource - HikariPool-1 - Start completed.
2026-04-10 15:27:36 [main] INFO  o.hibernate.orm.connections.pooling - HHH10001005: Database info:
	Database JDBC URL [jdbc:mysql://localhost:3306/learning]
	Database driver: MySQL Connector/J
	Database dialect: MySQLDialect
	Database version: 8.0.40
	Default catalog/schema: learning/undefined
	Autocommit mode: undefined/unknown
	Isolation level: REPEATABLE_READ [default REPEATABLE_READ]
	JDBC fetch size: none
	Pool: DataSourceConnectionProvider
	Minimum pool size: undefined/unknown
	Maximum pool size: undefined/unknown
2026-04-10 15:27:39 [main] INFO  org.hibernate.orm.core - HHH000489: No JTA platform available (set 'hibernate.transaction.jta.platform' to enable JTA platform integration)
2026-04-10 15:27:40 [main] INFO  o.s.o.j.LocalContainerEntityManagerFactoryBean - Initialized JPA EntityManagerFactory for persistence unit 'default'
2026-04-10 15:27:40 [main] INFO  o.s.d.j.r.q.QueryEnhancerFactories - Hibernate is in classpath; If applicable, HQL parser will be used.
2026-04-10 15:27:41 [main] INFO  o.s.s.c.a.a.c.InitializeAuthenticationProviderBeanManagerConfigurer$InitializeAuthenticationProviderManagerConfigurer - Global AuthenticationManager configured with AuthenticationProvider bean with name authenticationProvider
2026-04-10 15:27:41 [main] WARN  o.s.s.c.a.a.c.InitializeUserDetailsBeanManagerConfigurer$InitializeUserDetailsManagerConfigurer - Global AuthenticationManager configured with an AuthenticationProvider bean. UserDetailsService beans will not be used by Spring Security for automatically configuring username/password login. Consider removing the AuthenticationProvider bean. Alternatively, consider using the UserDetailsService in a manually instantiated DaoAuthenticationProvider. If the current configuration is intentional, to turn off this warning, increase the logging level of 'org.springframework.security.config.annotation.authentication.configuration.InitializeUserDetailsBeanManagerConfigurer' to ERROR
2026-04-10 15:27:41 [main] WARN  o.s.b.j.a.JpaBaseConfiguration$JpaWebConfiguration - spring.jpa.open-in-view is enabled by default. Therefore, database queries may be performed during view rendering. Explicitly configure spring.jpa.open-in-view to disable this warning
2026-04-10 15:27:43 [main] INFO  o.a.coyote.http11.Http11NioProtocol - Starting ProtocolHandler ["http-nio-8080"]
2026-04-10 15:27:43 [main] INFO  o.s.boot.tomcat.TomcatWebServer - Tomcat started on port 8080 (http) with context path '/'
2026-04-10 15:27:43 [main] INFO  org.example.demo.DemoApplication - Started DemoApplication in 13.795 seconds (process running for 15.134)
2026-04-10 15:27:43 [main] WARN  o.s.c.events.SpringDocAppInitializer - SpringDoc /v3/api-docs endpoint is enabled by default. To disable it in production, set the property 'springdoc.api-docs.enabled=false'
2026-04-10 15:27:43 [main] WARN  o.s.c.events.SpringDocAppInitializer - SpringDoc /swagger-ui.html endpoint is enabled by default. To disable it in production, set the property 'springdoc.swagger-ui.enabled=false'
2026-04-10 15:27:43 [http-nio-8080-exec-2] INFO  o.a.c.c.C.[Tomcat].[localhost].[/] - Initializing Spring DispatcherServlet 'dispatcherServlet'
2026-04-10 15:27:43 [http-nio-8080-exec-2] INFO  o.s.web.servlet.DispatcherServlet - Initializing Servlet 'dispatcherServlet'
2026-04-10 15:27:43 [http-nio-8080-exec-2] INFO  o.s.web.servlet.DispatcherServlet - Completed initialization in 1 ms
2026-04-10 15:27:44 [http-nio-8080-exec-2] INFO  o.e.demo.exception.ExceptionHandling - Validation failed | fields: [Field error in object 'productQueryRequest' on field 'page': rejected value [1.7]; codes [typeMismatch.productQueryRequest.page,typeMismatch.page,typeMismatch.java.lang.Integer,typeMismatch]; arguments [org.springframework.context.support.DefaultMessageSourceResolvable: codes [productQueryRequest.page,page]; arguments []; default message [page]]; default message [Failed to convert value of type 'java.lang.String' to required type 'java.lang.Integer'; For input string: "1.7"]] | message: Validation failed for argument [0] in public org.example.demo.common.ApiResponse<org.example.demo.dto.response.ProductPageResponse> org.example.demo.controllers.ProductController.getProducts(org.example.demo.dto.request.ProductQueryRequest): [Field error in object 'productQueryRequest' on field 'page': rejected value [1.7]; codes [typeMismatch.productQueryRequest.page,typeMismatch.page,typeMismatch.java.lang.Integer,typeMismatch]; arguments [org.springframework.context.support.DefaultMessageSourceResolvable: codes [productQueryRequest.page,page]; arguments []; default message [page]]; default message [Failed to convert value of type 'java.lang.String' to required type 'java.lang.Integer'; For input string: "1.7"]] 
2026-04-10 15:27:46 [http-nio-8080-exec-3] INFO  o.e.demo.exception.ExceptionHandling - Validation failed | fields: [Field error in object 'productQueryRequest' on field 'page': rejected value [1.7]; codes [typeMismatch.productQueryRequest.page,typeMismatch.page,typeMismatch.java.lang.Integer,typeMismatch]; arguments [org.springframework.context.support.DefaultMessageSourceResolvable: codes [productQueryRequest.page,page]; arguments []; default message [page]]; default message [Failed to convert value of type 'java.lang.String' to required type 'java.lang.Integer'; For input string: "1.7"]] | message: Validation failed for argument [0] in public org.example.demo.common.ApiResponse<org.example.demo.dto.response.ProductPageResponse> org.example.demo.controllers.ProductController.getProducts(org.example.demo.dto.request.ProductQueryRequest): [Field error in object 'productQueryRequest' on field 'page': rejected value [1.7]; codes [typeMismatch.productQueryRequest.page,typeMismatch.page,typeMismatch.java.lang.Integer,typeMismatch]; arguments [org.springframework.context.support.DefaultMessageSourceResolvable: codes [productQueryRequest.page,page]; arguments []; default message [page]]; default message [Failed to convert value of type 'java.lang.String' to required type 'java.lang.Integer'; For input string: "1.7"]] 
2026-04-10 15:27:47 [http-nio-8080-exec-8] INFO  o.e.demo.exception.ExceptionHandling - Validation failed | fields: [Field error in object 'productQueryRequest' on field 'page': rejected value [1.7]; codes [typeMismatch.productQueryRequest.page,typeMismatch.page,typeMismatch.java.lang.Integer,typeMismatch]; arguments [org.springframework.context.support.DefaultMessageSourceResolvable: codes [productQueryRequest.page,page]; arguments []; default message [page]]; default message [Failed to convert value of type 'java.lang.String' to required type 'java.lang.Integer'; For input string: "1.7"]] | message: Validation failed for argument [0] in public org.example.demo.common.ApiResponse<org.example.demo.dto.response.ProductPageResponse> org.example.demo.controllers.ProductController.getProducts(org.example.demo.dto.request.ProductQueryRequest): [Field error in object 'productQueryRequest' on field 'page': rejected value [1.7]; codes [typeMismatch.productQueryRequest.page,typeMismatch.page,typeMismatch.java.lang.Integer,typeMismatch]; arguments [org.springframework.context.support.DefaultMessageSourceResolvable: codes [productQueryRequest.page,page]; arguments []; default message [page]]; default message [Failed to convert value of type 'java.lang.String' to required type 'java.lang.Integer'; For input string: "1.7"]] 
2026-04-10 15:27:48 [http-nio-8080-exec-4] INFO  o.e.demo.exception.ExceptionHandling - Validation failed | fields: [Field error in object 'productQueryRequest' on field 'page': rejected value [1.7]; codes [typeMismatch.productQueryRequest.page,typeMismatch.page,typeMismatch.java.lang.Integer,typeMismatch]; arguments [org.springframework.context.support.DefaultMessageSourceResolvable: codes [productQueryRequest.page,page]; arguments []; default message [page]]; default message [Failed to convert value of type 'java.lang.String' to required type 'java.lang.Integer'; For input string: "1.7"]] | message: Validation failed for argument [0] in public org.example.demo.common.ApiResponse<org.example.demo.dto.response.ProductPageResponse> org.example.demo.controllers.ProductController.getProducts(org.example.demo.dto.request.ProductQueryRequest): [Field error in object 'productQueryRequest' on field 'page': rejected value [1.7]; codes [typeMismatch.productQueryRequest.page,typeMismatch.page,typeMismatch.java.lang.Integer,typeMismatch]; arguments [org.springframework.context.support.DefaultMessageSourceResolvable: codes [productQueryRequest.page,page]; arguments []; default message [page]]; default message [Failed to convert value of type 'java.lang.String' to required type 'java.lang.Integer'; For input string: "1.7"]] 
2026-04-10 15:27:48 [http-nio-8080-exec-9] INFO  o.e.demo.exception.ExceptionHandling - Validation failed | fields: [Field error in object 'productQueryRequest' on field 'page': rejected value [1.7]; codes [typeMismatch.productQueryRequest.page,typeMismatch.page,typeMismatch.java.lang.Integer,typeMismatch]; arguments [org.springframework.context.support.DefaultMessageSourceResolvable: codes [productQueryRequest.page,page]; arguments []; default message [page]]; default message [Failed to convert value of type 'java.lang.String' to required type 'java.lang.Integer'; For input string: "1.7"]] | message: Validation failed for argument [0] in public org.example.demo.common.ApiResponse<org.example.demo.dto.response.ProductPageResponse> org.example.demo.controllers.ProductController.getProducts(org.example.demo.dto.request.ProductQueryRequest): [Field error in object 'productQueryRequest' on field 'page': rejected value [1.7]; codes [typeMismatch.productQueryRequest.page,typeMismatch.page,typeMismatch.java.lang.Integer,typeMismatch]; arguments [org.springframework.context.support.DefaultMessageSourceResolvable: codes [productQueryRequest.page,page]; arguments []; default message [page]]; default message [Failed to convert value of type 'java.lang.String' to required type 'java.lang.Integer'; For input string: "1.7"]] 
2026-04-10 15:27:51 [http-nio-8080-exec-1] INFO  o.e.demo.exception.ExceptionHandling - Validation failed | fields: [Field error in object 'productQueryRequest' on field 'page': rejected value [1.7]; codes [typeMismatch.productQueryRequest.page,typeMismatch.page,typeMismatch.java.lang.Integer,typeMismatch]; arguments [org.springframework.context.support.DefaultMessageSourceResolvable: codes [productQueryRequest.page,page]; arguments []; default message [page]]; default message [Failed to convert value of type 'java.lang.String' to required type 'java.lang.Integer'; For input string: "1.7"]] | message: Validation failed for argument [0] in public org.example.demo.common.ApiResponse<org.example.demo.dto.response.ProductPageResponse> org.example.demo.controllers.ProductController.getProducts(org.example.demo.dto.request.ProductQueryRequest): [Field error in object 'productQueryRequest' on field 'page': rejected value [1.7]; codes [typeMismatch.productQueryRequest.page,typeMismatch.page,typeMismatch.java.lang.Integer,typeMismatch]; arguments [org.springframework.context.support.DefaultMessageSourceResolvable: codes [productQueryRequest.page,page]; arguments []; default message [page]]; default message [Failed to convert value of type 'java.lang.String' to required type 'java.lang.Integer'; For input string: "1.7"]] 
2026-04-10 15:28:27 [SpringApplicationShutdownHook] INFO  o.s.boot.tomcat.GracefulShutdown - Commencing graceful shutdown. Waiting for active requests to complete
2026-04-10 15:28:27 [tomcat-shutdown] INFO  o.s.boot.tomcat.GracefulShutdown - Graceful shutdown complete
2026-04-10 15:28:27 [SpringApplicationShutdownHook] INFO  o.s.o.j.LocalContainerEntityManagerFactoryBean - Closing JPA EntityManagerFactory for persistence unit 'default'
2026-04-10 15:28:27 [SpringApplicationShutdownHook] INFO  com.zaxxer.hikari.HikariDataSource - HikariPool-1 - Shutdown initiated...
2026-04-10 15:28:27 [SpringApplicationShutdownHook] INFO  com.zaxxer.hikari.HikariDataSource - HikariPool-1 - Shutdown completed.
2026-04-10 15:28:32 [background-preinit] INFO  o.h.validator.internal.util.Version - HV000001: Hibernate Validator 9.0.1.Final
2026-04-10 15:28:32 [main] INFO  org.example.demo.DemoApplication - Starting DemoApplication using Java 23.0.2 with PID 14168 (C:\workspace\sample\demo\target\classes started by phucn in C:\workspace\sample\demo)
2026-04-10 15:28:32 [main] INFO  org.example.demo.DemoApplication - No active profile set, falling back to 1 default profile: "default"
2026-04-10 15:28:33 [main] INFO  o.s.d.r.c.RepositoryConfigurationDelegate - Bootstrapping Spring Data JPA repositories in DEFAULT mode.
2026-04-10 15:28:34 [main] INFO  o.s.d.r.c.RepositoryConfigurationDelegate - Finished Spring Data repository scanning in 383 ms. Found 3 JPA repository interfaces.
2026-04-10 15:28:36 [main] INFO  o.s.boot.tomcat.TomcatWebServer - Tomcat initialized with port 8080 (http)
2026-04-10 15:28:36 [main] INFO  o.a.coyote.http11.Http11NioProtocol - Initializing ProtocolHandler ["http-nio-8080"]
2026-04-10 15:28:36 [main] INFO  o.a.catalina.core.StandardService - Starting service [Tomcat]
2026-04-10 15:28:36 [main] INFO  o.a.catalina.core.StandardEngine - Starting Servlet engine: [Apache Tomcat/11.0.20]
2026-04-10 15:28:36 [main] INFO  o.s.b.w.c.s.WebApplicationContextInitializer - Root WebApplicationContext: initialization completed in 3199 ms
2026-04-10 15:28:36 [main] INFO  org.hibernate.orm.jpa - HHH008540: Processing PersistenceUnitInfo [name: default]
2026-04-10 15:28:36 [main] INFO  org.hibernate.orm.core - HHH000001: Hibernate ORM core version 7.2.7.Final
2026-04-10 15:28:38 [main] INFO  o.s.o.j.p.SpringPersistenceUnitInfo - No LoadTimeWeaver setup: ignoring JPA class transformer
2026-04-10 15:28:38 [main] INFO  com.zaxxer.hikari.HikariDataSource - HikariPool-1 - Starting...
2026-04-10 15:28:39 [main] INFO  com.zaxxer.hikari.pool.HikariPool - HikariPool-1 - Added connection com.mysql.cj.jdbc.ConnectionImpl@46c9ee28
2026-04-10 15:28:39 [main] INFO  com.zaxxer.hikari.HikariDataSource - HikariPool-1 - Start completed.
2026-04-10 15:28:40 [main] INFO  o.hibernate.orm.connections.pooling - HHH10001005: Database info:
	Database JDBC URL [jdbc:mysql://localhost:3306/learning]
	Database driver: MySQL Connector/J
	Database dialect: MySQLDialect
	Database version: 8.0.40
	Default catalog/schema: learning/undefined
	Autocommit mode: undefined/unknown
	Isolation level: REPEATABLE_READ [default REPEATABLE_READ]
	JDBC fetch size: none
	Pool: DataSourceConnectionProvider
	Minimum pool size: undefined/unknown
	Maximum pool size: undefined/unknown
2026-04-10 15:28:42 [main] INFO  org.hibernate.orm.core - HHH000489: No JTA platform available (set 'hibernate.transaction.jta.platform' to enable JTA platform integration)
2026-04-10 15:28:42 [main] INFO  o.s.o.j.LocalContainerEntityManagerFactoryBean - Initialized JPA EntityManagerFactory for persistence unit 'default'
2026-04-10 15:28:42 [main] INFO  o.s.d.j.r.q.QueryEnhancerFactories - Hibernate is in classpath; If applicable, HQL parser will be used.
2026-04-10 15:28:43 [main] INFO  o.s.s.c.a.a.c.InitializeAuthenticationProviderBeanManagerConfigurer$InitializeAuthenticationProviderManagerConfigurer - Global AuthenticationManager configured with AuthenticationProvider bean with name authenticationProvider
2026-04-10 15:28:43 [main] WARN  o.s.s.c.a.a.c.InitializeUserDetailsBeanManagerConfigurer$InitializeUserDetailsManagerConfigurer - Global AuthenticationManager configured with an AuthenticationProvider bean. UserDetailsService beans will not be used by Spring Security for automatically configuring username/password login. Consider removing the AuthenticationProvider bean. Alternatively, consider using the UserDetailsService in a manually instantiated DaoAuthenticationProvider. If the current configuration is intentional, to turn off this warning, increase the logging level of 'org.springframework.security.config.annotation.authentication.configuration.InitializeUserDetailsBeanManagerConfigurer' to ERROR
2026-04-10 15:28:44 [main] WARN  o.s.b.j.a.JpaBaseConfiguration$JpaWebConfiguration - spring.jpa.open-in-view is enabled by default. Therefore, database queries may be performed during view rendering. Explicitly configure spring.jpa.open-in-view to disable this warning
2026-04-10 15:28:45 [main] INFO  o.a.coyote.http11.Http11NioProtocol - Starting ProtocolHandler ["http-nio-8080"]
2026-04-10 15:28:46 [main] INFO  o.s.boot.tomcat.TomcatWebServer - Tomcat started on port 8080 (http) with context path '/'
2026-04-10 15:28:46 [main] INFO  org.example.demo.DemoApplication - Started DemoApplication in 13.729 seconds (process running for 14.79)
2026-04-10 15:28:46 [main] WARN  o.s.c.events.SpringDocAppInitializer - SpringDoc /v3/api-docs endpoint is enabled by default. To disable it in production, set the property 'springdoc.api-docs.enabled=false'
2026-04-10 15:28:46 [main] WARN  o.s.c.events.SpringDocAppInitializer - SpringDoc /swagger-ui.html endpoint is enabled by default. To disable it in production, set the property 'springdoc.swagger-ui.enabled=false'
2026-04-10 15:33:09 [SpringApplicationShutdownHook] INFO  o.s.boot.tomcat.GracefulShutdown - Commencing graceful shutdown. Waiting for active requests to complete
2026-04-10 15:33:09 [tomcat-shutdown] INFO  o.s.boot.tomcat.GracefulShutdown - Graceful shutdown complete
2026-04-10 15:33:09 [SpringApplicationShutdownHook] INFO  o.s.o.j.LocalContainerEntityManagerFactoryBean - Closing JPA EntityManagerFactory for persistence unit 'default'
2026-04-10 15:33:09 [SpringApplicationShutdownHook] INFO  com.zaxxer.hikari.HikariDataSource - HikariPool-1 - Shutdown initiated...
2026-04-10 15:33:09 [SpringApplicationShutdownHook] INFO  com.zaxxer.hikari.HikariDataSource - HikariPool-1 - Shutdown completed.
2026-04-10 15:33:14 [background-preinit] INFO  o.h.validator.internal.util.Version - HV000001: Hibernate Validator 9.0.1.Final
2026-04-10 15:33:14 [main] INFO  org.example.demo.DemoApplication - Starting DemoApplication using Java 23.0.2 with PID 25092 (C:\workspace\sample\demo\target\classes started by phucn in C:\workspace\sample\demo)
2026-04-10 15:33:14 [main] INFO  org.example.demo.DemoApplication - No active profile set, falling back to 1 default profile: "default"
2026-04-10 15:33:15 [main] INFO  o.s.d.r.c.RepositoryConfigurationDelegate - Bootstrapping Spring Data JPA repositories in DEFAULT mode.
2026-04-10 15:33:15 [main] INFO  o.s.d.r.c.RepositoryConfigurationDelegate - Finished Spring Data repository scanning in 443 ms. Found 3 JPA repository interfaces.
2026-04-10 15:33:16 [main] INFO  o.s.boot.tomcat.TomcatWebServer - Tomcat initialized with port 8080 (http)
2026-04-10 15:33:16 [main] INFO  o.a.coyote.http11.Http11NioProtocol - Initializing ProtocolHandler ["http-nio-8080"]
2026-04-10 15:33:16 [main] INFO  o.a.catalina.core.StandardService - Starting service [Tomcat]
2026-04-10 15:33:16 [main] INFO  o.a.catalina.core.StandardEngine - Starting Servlet engine: [Apache Tomcat/11.0.20]
2026-04-10 15:33:17 [main] INFO  o.s.b.w.c.s.WebApplicationContextInitializer - Root WebApplicationContext: initialization completed in 2843 ms
2026-04-10 15:33:17 [main] INFO  org.hibernate.orm.jpa - HHH008540: Processing PersistenceUnitInfo [name: default]
2026-04-10 15:33:17 [main] INFO  org.hibernate.orm.core - HHH000001: Hibernate ORM core version 7.2.7.Final
2026-04-10 15:33:18 [main] INFO  o.s.o.j.p.SpringPersistenceUnitInfo - No LoadTimeWeaver setup: ignoring JPA class transformer
2026-04-10 15:33:18 [main] INFO  com.zaxxer.hikari.HikariDataSource - HikariPool-1 - Starting...
2026-04-10 15:33:19 [main] INFO  com.zaxxer.hikari.pool.HikariPool - HikariPool-1 - Added connection com.mysql.cj.jdbc.ConnectionImpl@46c9ee28
2026-04-10 15:33:19 [main] INFO  com.zaxxer.hikari.HikariDataSource - HikariPool-1 - Start completed.
2026-04-10 15:33:19 [main] INFO  o.hibernate.orm.connections.pooling - HHH10001005: Database info:
	Database JDBC URL [jdbc:mysql://localhost:3306/learning]
	Database driver: MySQL Connector/J
	Database dialect: MySQLDialect
	Database version: 8.0.40
	Default catalog/schema: learning/undefined
	Autocommit mode: undefined/unknown
	Isolation level: REPEATABLE_READ [default REPEATABLE_READ]
	JDBC fetch size: none
	Pool: DataSourceConnectionProvider
	Minimum pool size: undefined/unknown
	Maximum pool size: undefined/unknown
2026-04-10 15:33:22 [main] INFO  org.hibernate.orm.core - HHH000489: No JTA platform available (set 'hibernate.transaction.jta.platform' to enable JTA platform integration)
2026-04-10 15:33:22 [main] INFO  o.s.o.j.LocalContainerEntityManagerFactoryBean - Initialized JPA EntityManagerFactory for persistence unit 'default'
2026-04-10 15:33:22 [main] INFO  o.s.d.j.r.q.QueryEnhancerFactories - Hibernate is in classpath; If applicable, HQL parser will be used.
2026-04-10 15:33:23 [main] INFO  o.s.s.c.a.a.c.InitializeAuthenticationProviderBeanManagerConfigurer$InitializeAuthenticationProviderManagerConfigurer - Global AuthenticationManager configured with AuthenticationProvider bean with name authenticationProvider
2026-04-10 15:33:23 [main] WARN  o.s.s.c.a.a.c.InitializeUserDetailsBeanManagerConfigurer$InitializeUserDetailsManagerConfigurer - Global AuthenticationManager configured with an AuthenticationProvider bean. UserDetailsService beans will not be used by Spring Security for automatically configuring username/password login. Consider removing the AuthenticationProvider bean. Alternatively, consider using the UserDetailsService in a manually instantiated DaoAuthenticationProvider. If the current configuration is intentional, to turn off this warning, increase the logging level of 'org.springframework.security.config.annotation.authentication.configuration.InitializeUserDetailsBeanManagerConfigurer' to ERROR
2026-04-10 15:33:23 [main] WARN  o.s.b.j.a.JpaBaseConfiguration$JpaWebConfiguration - spring.jpa.open-in-view is enabled by default. Therefore, database queries may be performed during view rendering. Explicitly configure spring.jpa.open-in-view to disable this warning
2026-04-10 15:33:25 [main] INFO  o.a.coyote.http11.Http11NioProtocol - Starting ProtocolHandler ["http-nio-8080"]
2026-04-10 15:33:25 [main] INFO  o.s.boot.tomcat.TomcatWebServer - Tomcat started on port 8080 (http) with context path '/'
2026-04-10 15:33:25 [main] INFO  org.example.demo.DemoApplication - Started DemoApplication in 11.677 seconds (process running for 12.834)
2026-04-10 15:33:25 [main] WARN  o.s.c.events.SpringDocAppInitializer - SpringDoc /v3/api-docs endpoint is enabled by default. To disable it in production, set the property 'springdoc.api-docs.enabled=false'
2026-04-10 15:33:25 [main] WARN  o.s.c.events.SpringDocAppInitializer - SpringDoc /swagger-ui.html endpoint is enabled by default. To disable it in production, set the property 'springdoc.swagger-ui.enabled=false'
2026-04-10 15:33:29 [http-nio-8080-exec-1] INFO  o.a.c.c.C.[Tomcat].[localhost].[/] - Initializing Spring DispatcherServlet 'dispatcherServlet'
2026-04-10 15:33:29 [http-nio-8080-exec-1] INFO  o.s.web.servlet.DispatcherServlet - Initializing Servlet 'dispatcherServlet'
2026-04-10 15:33:29 [http-nio-8080-exec-1] INFO  o.s.web.servlet.DispatcherServlet - Completed initialization in 1 ms
2026-04-10 15:33:30 [http-nio-8080-exec-1] INFO  o.e.demo.exception.ExceptionHandling - MethodArgumentNotValidException | fields: [Field error in object 'productQueryRequest' on field 'page': rejected value [1.7]; codes [typeMismatch.productQueryRequest.page,typeMismatch.page,typeMismatch.java.lang.Integer,typeMismatch]; arguments [org.springframework.context.support.DefaultMessageSourceResolvable: codes [productQueryRequest.page,page]; arguments []; default message [page]]; default message [Failed to convert value of type 'java.lang.String' to required type 'java.lang.Integer'; For input string: "1.7"]] | message: Validation failed for argument [0] in public org.example.demo.common.ApiResponse<org.example.demo.dto.response.ProductPageResponse> org.example.demo.controllers.ProductController.getProducts(org.example.demo.dto.request.ProductQueryRequest): [Field error in object 'productQueryRequest' on field 'page': rejected value [1.7]; codes [typeMismatch.productQueryRequest.page,typeMismatch.page,typeMismatch.java.lang.Integer,typeMismatch]; arguments [org.springframework.context.support.DefaultMessageSourceResolvable: codes [productQueryRequest.page,page]; arguments []; default message [page]]; default message [Failed to convert value of type 'java.lang.String' to required type 'java.lang.Integer'; For input string: "1.7"]] 
2026-04-10 15:35:45 [http-nio-8080-exec-4] INFO  o.e.demo.exception.ExceptionHandling - MethodArgumentNotValidException | fields: [Field error in object 'productQueryRequest' on field 'page': rejected value [1.7]; codes [typeMismatch.productQueryRequest.page,typeMismatch.page,typeMismatch.java.lang.Integer,typeMismatch]; arguments [org.springframework.context.support.DefaultMessageSourceResolvable: codes [productQueryRequest.page,page]; arguments []; default message [page]]; default message [Failed to convert value of type 'java.lang.String' to required type 'java.lang.Integer'; For input string: "1.7"], Field error in object 'productQueryRequest' on field 'size': rejected value [abc]; codes [typeMismatch.productQueryRequest.size,typeMismatch.size,typeMismatch.java.lang.Integer,typeMismatch]; arguments [org.springframework.context.support.DefaultMessageSourceResolvable: codes [productQueryRequest.size,size]; arguments []; default message [size]]; default message [Failed to convert value of type 'java.lang.String' to required type 'java.lang.Integer'; For input string: "abc"]] | message: Validation failed for argument [0] in public org.example.demo.common.ApiResponse<org.example.demo.dto.response.ProductPageResponse> org.example.demo.controllers.ProductController.getProducts(org.example.demo.dto.request.ProductQueryRequest) with 2 errors: [Field error in object 'productQueryRequest' on field 'page': rejected value [1.7]; codes [typeMismatch.productQueryRequest.page,typeMismatch.page,typeMismatch.java.lang.Integer,typeMismatch]; arguments [org.springframework.context.support.DefaultMessageSourceResolvable: codes [productQueryRequest.page,page]; arguments []; default message [page]]; default message [Failed to convert value of type 'java.lang.String' to required type 'java.lang.Integer'; For input string: "1.7"]] [Field error in object 'productQueryRequest' on field 'size': rejected value [abc]; codes [typeMismatch.productQueryRequest.size,typeMismatch.size,typeMismatch.java.lang.Integer,typeMismatch]; arguments [org.springframework.context.support.DefaultMessageSourceResolvable: codes [productQueryRequest.size,size]; arguments []; default message [size]]; default message [Failed to convert value of type 'java.lang.String' to required type 'java.lang.Integer'; For input string: "abc"]] 
2026-04-10 15:35:51 [http-nio-8080-exec-5] INFO  o.e.demo.exception.ExceptionHandling - MethodArgumentNotValidException | fields: [Field error in object 'productQueryRequest' on field 'page': rejected value [1.7]; codes [typeMismatch.productQueryRequest.page,typeMismatch.page,typeMismatch.java.lang.Integer,typeMismatch]; arguments [org.springframework.context.support.DefaultMessageSourceResolvable: codes [productQueryRequest.page,page]; arguments []; default message [page]]; default message [Failed to convert value of type 'java.lang.String' to required type 'java.lang.Integer'; For input string: "1.7"], Field error in object 'productQueryRequest' on field 'size': rejected value [2.3]; codes [typeMismatch.productQueryRequest.size,typeMismatch.size,typeMismatch.java.lang.Integer,typeMismatch]; arguments [org.springframework.context.support.DefaultMessageSourceResolvable: codes [productQueryRequest.size,size]; arguments []; default message [size]]; default message [Failed to convert value of type 'java.lang.String' to required type 'java.lang.Integer'; For input string: "2.3"]] | message: Validation failed for argument [0] in public org.example.demo.common.ApiResponse<org.example.demo.dto.response.ProductPageResponse> org.example.demo.controllers.ProductController.getProducts(org.example.demo.dto.request.ProductQueryRequest) with 2 errors: [Field error in object 'productQueryRequest' on field 'page': rejected value [1.7]; codes [typeMismatch.productQueryRequest.page,typeMismatch.page,typeMismatch.java.lang.Integer,typeMismatch]; arguments [org.springframework.context.support.DefaultMessageSourceResolvable: codes [productQueryRequest.page,page]; arguments []; default message [page]]; default message [Failed to convert value of type 'java.lang.String' to required type 'java.lang.Integer'; For input string: "1.7"]] [Field error in object 'productQueryRequest' on field 'size': rejected value [2.3]; codes [typeMismatch.productQueryRequest.size,typeMismatch.size,typeMismatch.java.lang.Integer,typeMismatch]; arguments [org.springframework.context.support.DefaultMessageSourceResolvable: codes [productQueryRequest.size,size]; arguments []; default message [size]]; default message [Failed to convert value of type 'java.lang.String' to required type 'java.lang.Integer'; For input string: "2.3"]] 
2026-04-10 15:37:00 [SpringApplicationShutdownHook] INFO  o.s.boot.tomcat.GracefulShutdown - Commencing graceful shutdown. Waiting for active requests to complete
2026-04-10 15:37:00 [tomcat-shutdown] INFO  o.s.boot.tomcat.GracefulShutdown - Graceful shutdown complete
2026-04-10 15:37:00 [SpringApplicationShutdownHook] INFO  o.s.o.j.LocalContainerEntityManagerFactoryBean - Closing JPA EntityManagerFactory for persistence unit 'default'
2026-04-10 15:37:00 [SpringApplicationShutdownHook] INFO  com.zaxxer.hikari.HikariDataSource - HikariPool-1 - Shutdown initiated...
2026-04-10 15:37:00 [SpringApplicationShutdownHook] INFO  com.zaxxer.hikari.HikariDataSource - HikariPool-1 - Shutdown completed.
2026-04-10 15:37:04 [background-preinit] INFO  o.h.validator.internal.util.Version - HV000001: Hibernate Validator 9.0.1.Final
2026-04-10 15:37:04 [main] INFO  org.example.demo.DemoApplication - Starting DemoApplication using Java 23.0.2 with PID 21608 (C:\workspace\sample\demo\target\classes started by phucn in C:\workspace\sample\demo)
2026-04-10 15:37:04 [main] INFO  org.example.demo.DemoApplication - No active profile set, falling back to 1 default profile: "default"
2026-04-10 15:37:05 [main] INFO  o.s.d.r.c.RepositoryConfigurationDelegate - Bootstrapping Spring Data JPA repositories in DEFAULT mode.
2026-04-10 15:37:06 [main] INFO  o.s.d.r.c.RepositoryConfigurationDelegate - Finished Spring Data repository scanning in 438 ms. Found 3 JPA repository interfaces.
2026-04-10 15:37:07 [main] INFO  o.s.boot.tomcat.TomcatWebServer - Tomcat initialized with port 8080 (http)
2026-04-10 15:37:07 [main] INFO  o.a.coyote.http11.Http11NioProtocol - Initializing ProtocolHandler ["http-nio-8080"]
2026-04-10 15:37:07 [main] INFO  o.a.catalina.core.StandardService - Starting service [Tomcat]
2026-04-10 15:37:07 [main] INFO  o.a.catalina.core.StandardEngine - Starting Servlet engine: [Apache Tomcat/11.0.20]
2026-04-10 15:37:07 [main] INFO  o.s.b.w.c.s.WebApplicationContextInitializer - Root WebApplicationContext: initialization completed in 2750 ms
2026-04-10 15:37:08 [main] INFO  org.hibernate.orm.jpa - HHH008540: Processing PersistenceUnitInfo [name: default]
2026-04-10 15:37:08 [main] INFO  org.hibernate.orm.core - HHH000001: Hibernate ORM core version 7.2.7.Final
2026-04-10 15:37:09 [main] INFO  o.s.o.j.p.SpringPersistenceUnitInfo - No LoadTimeWeaver setup: ignoring JPA class transformer
2026-04-10 15:37:09 [main] INFO  com.zaxxer.hikari.HikariDataSource - HikariPool-1 - Starting...
2026-04-10 15:37:10 [main] INFO  com.zaxxer.hikari.pool.HikariPool - HikariPool-1 - Added connection com.mysql.cj.jdbc.ConnectionImpl@7de43652
2026-04-10 15:37:10 [main] INFO  com.zaxxer.hikari.HikariDataSource - HikariPool-1 - Start completed.
2026-04-10 15:37:10 [main] INFO  o.hibernate.orm.connections.pooling - HHH10001005: Database info:
	Database JDBC URL [jdbc:mysql://localhost:3306/learning]
	Database driver: MySQL Connector/J
	Database dialect: MySQLDialect
	Database version: 8.0.40
	Default catalog/schema: learning/undefined
	Autocommit mode: undefined/unknown
	Isolation level: REPEATABLE_READ [default REPEATABLE_READ]
	JDBC fetch size: none
	Pool: DataSourceConnectionProvider
	Minimum pool size: undefined/unknown
	Maximum pool size: undefined/unknown
2026-04-10 15:37:12 [main] INFO  org.hibernate.orm.core - HHH000489: No JTA platform available (set 'hibernate.transaction.jta.platform' to enable JTA platform integration)
2026-04-10 15:37:12 [main] INFO  o.s.o.j.LocalContainerEntityManagerFactoryBean - Initialized JPA EntityManagerFactory for persistence unit 'default'
2026-04-10 15:37:13 [main] INFO  o.s.d.j.r.q.QueryEnhancerFactories - Hibernate is in classpath; If applicable, HQL parser will be used.
2026-04-10 15:37:14 [main] INFO  o.s.s.c.a.a.c.InitializeAuthenticationProviderBeanManagerConfigurer$InitializeAuthenticationProviderManagerConfigurer - Global AuthenticationManager configured with AuthenticationProvider bean with name authenticationProvider
2026-04-10 15:37:14 [main] WARN  o.s.s.c.a.a.c.InitializeUserDetailsBeanManagerConfigurer$InitializeUserDetailsManagerConfigurer - Global AuthenticationManager configured with an AuthenticationProvider bean. UserDetailsService beans will not be used by Spring Security for automatically configuring username/password login. Consider removing the AuthenticationProvider bean. Alternatively, consider using the UserDetailsService in a manually instantiated DaoAuthenticationProvider. If the current configuration is intentional, to turn off this warning, increase the logging level of 'org.springframework.security.config.annotation.authentication.configuration.InitializeUserDetailsBeanManagerConfigurer' to ERROR
2026-04-10 15:37:14 [main] WARN  o.s.b.j.a.JpaBaseConfiguration$JpaWebConfiguration - spring.jpa.open-in-view is enabled by default. Therefore, database queries may be performed during view rendering. Explicitly configure spring.jpa.open-in-view to disable this warning
2026-04-10 15:37:16 [main] INFO  o.a.coyote.http11.Http11NioProtocol - Starting ProtocolHandler ["http-nio-8080"]
2026-04-10 15:37:16 [main] INFO  o.s.boot.tomcat.TomcatWebServer - Tomcat started on port 8080 (http) with context path '/'
2026-04-10 15:37:16 [main] INFO  org.example.demo.DemoApplication - Started DemoApplication in 11.88 seconds (process running for 13.005)
2026-04-10 15:37:16 [main] WARN  o.s.c.events.SpringDocAppInitializer - SpringDoc /v3/api-docs endpoint is enabled by default. To disable it in production, set the property 'springdoc.api-docs.enabled=false'
2026-04-10 15:37:16 [main] WARN  o.s.c.events.SpringDocAppInitializer - SpringDoc /swagger-ui.html endpoint is enabled by default. To disable it in production, set the property 'springdoc.swagger-ui.enabled=false'
2026-04-10 15:37:16 [http-nio-8080-exec-1] INFO  o.a.c.c.C.[Tomcat].[localhost].[/] - Initializing Spring DispatcherServlet 'dispatcherServlet'
2026-04-10 15:37:16 [http-nio-8080-exec-1] INFO  o.s.web.servlet.DispatcherServlet - Initializing Servlet 'dispatcherServlet'
2026-04-10 15:37:16 [http-nio-8080-exec-1] INFO  o.s.web.servlet.DispatcherServlet - Completed initialization in 1 ms
2026-04-10 15:37:16 [http-nio-8080-exec-1] INFO  o.e.demo.exception.ExceptionHandling - MethodArgumentNotValidException | fields: [size, page] | message: [Failed to convert value '2.3' for field 'size', Failed to convert value '1.7' for field 'page']
2026-04-10 15:39:50 [SpringApplicationShutdownHook] INFO  o.s.boot.tomcat.GracefulShutdown - Commencing graceful shutdown. Waiting for active requests to complete
2026-04-10 15:39:50 [tomcat-shutdown] INFO  o.s.boot.tomcat.GracefulShutdown - Graceful shutdown complete
2026-04-10 15:39:50 [SpringApplicationShutdownHook] INFO  o.s.o.j.LocalContainerEntityManagerFactoryBean - Closing JPA EntityManagerFactory for persistence unit 'default'
2026-04-10 15:39:50 [SpringApplicationShutdownHook] INFO  com.zaxxer.hikari.HikariDataSource - HikariPool-1 - Shutdown initiated...
2026-04-10 15:39:50 [SpringApplicationShutdownHook] INFO  com.zaxxer.hikari.HikariDataSource - HikariPool-1 - Shutdown completed.
2026-04-10 15:39:55 [background-preinit] INFO  o.h.validator.internal.util.Version - HV000001: Hibernate Validator 9.0.1.Final
2026-04-10 15:39:55 [main] INFO  org.example.demo.DemoApplication - Starting DemoApplication using Java 23.0.2 with PID 22548 (C:\workspace\sample\demo\target\classes started by phucn in C:\workspace\sample\demo)
2026-04-10 15:39:55 [main] INFO  org.example.demo.DemoApplication - No active profile set, falling back to 1 default profile: "default"
2026-04-10 15:39:56 [main] INFO  o.s.d.r.c.RepositoryConfigurationDelegate - Bootstrapping Spring Data JPA repositories in DEFAULT mode.
2026-04-10 15:39:56 [main] INFO  o.s.d.r.c.RepositoryConfigurationDelegate - Finished Spring Data repository scanning in 506 ms. Found 3 JPA repository interfaces.
2026-04-10 15:39:57 [main] INFO  o.s.boot.tomcat.TomcatWebServer - Tomcat initialized with port 8080 (http)
2026-04-10 15:39:57 [main] INFO  o.a.coyote.http11.Http11NioProtocol - Initializing ProtocolHandler ["http-nio-8080"]
2026-04-10 15:39:57 [main] INFO  o.a.catalina.core.StandardService - Starting service [Tomcat]
2026-04-10 15:39:57 [main] INFO  o.a.catalina.core.StandardEngine - Starting Servlet engine: [Apache Tomcat/11.0.20]
2026-04-10 15:39:58 [main] INFO  o.s.b.w.c.s.WebApplicationContextInitializer - Root WebApplicationContext: initialization completed in 2842 ms
2026-04-10 15:39:58 [main] INFO  org.hibernate.orm.jpa - HHH008540: Processing PersistenceUnitInfo [name: default]
2026-04-10 15:39:58 [main] INFO  org.hibernate.orm.core - HHH000001: Hibernate ORM core version 7.2.7.Final
2026-04-10 15:39:59 [main] INFO  o.s.o.j.p.SpringPersistenceUnitInfo - No LoadTimeWeaver setup: ignoring JPA class transformer
2026-04-10 15:39:59 [main] INFO  com.zaxxer.hikari.HikariDataSource - HikariPool-1 - Starting...
2026-04-10 15:40:00 [main] INFO  com.zaxxer.hikari.pool.HikariPool - HikariPool-1 - Added connection com.mysql.cj.jdbc.ConnectionImpl@fdf029a
2026-04-10 15:40:00 [main] INFO  com.zaxxer.hikari.HikariDataSource - HikariPool-1 - Start completed.
2026-04-10 15:40:01 [main] INFO  o.hibernate.orm.connections.pooling - HHH10001005: Database info:
	Database JDBC URL [jdbc:mysql://localhost:3306/learning]
	Database driver: MySQL Connector/J
	Database dialect: MySQLDialect
	Database version: 8.0.40
	Default catalog/schema: learning/undefined
	Autocommit mode: undefined/unknown
	Isolation level: REPEATABLE_READ [default REPEATABLE_READ]
	JDBC fetch size: none
	Pool: DataSourceConnectionProvider
	Minimum pool size: undefined/unknown
	Maximum pool size: undefined/unknown
2026-04-10 15:40:03 [main] INFO  org.hibernate.orm.core - HHH000489: No JTA platform available (set 'hibernate.transaction.jta.platform' to enable JTA platform integration)
2026-04-10 15:40:03 [main] INFO  o.s.o.j.LocalContainerEntityManagerFactoryBean - Initialized JPA EntityManagerFactory for persistence unit 'default'
2026-04-10 15:40:03 [main] INFO  o.s.d.j.r.q.QueryEnhancerFactories - Hibernate is in classpath; If applicable, HQL parser will be used.
2026-04-10 15:40:04 [main] INFO  o.s.s.c.a.a.c.InitializeAuthenticationProviderBeanManagerConfigurer$InitializeAuthenticationProviderManagerConfigurer - Global AuthenticationManager configured with AuthenticationProvider bean with name authenticationProvider
2026-04-10 15:40:04 [main] WARN  o.s.s.c.a.a.c.InitializeUserDetailsBeanManagerConfigurer$InitializeUserDetailsManagerConfigurer - Global AuthenticationManager configured with an AuthenticationProvider bean. UserDetailsService beans will not be used by Spring Security for automatically configuring username/password login. Consider removing the AuthenticationProvider bean. Alternatively, consider using the UserDetailsService in a manually instantiated DaoAuthenticationProvider. If the current configuration is intentional, to turn off this warning, increase the logging level of 'org.springframework.security.config.annotation.authentication.configuration.InitializeUserDetailsBeanManagerConfigurer' to ERROR
2026-04-10 15:40:04 [main] WARN  o.s.b.j.a.JpaBaseConfiguration$JpaWebConfiguration - spring.jpa.open-in-view is enabled by default. Therefore, database queries may be performed during view rendering. Explicitly configure spring.jpa.open-in-view to disable this warning
2026-04-10 15:40:06 [main] INFO  o.a.coyote.http11.Http11NioProtocol - Starting ProtocolHandler ["http-nio-8080"]
2026-04-10 15:40:06 [main] INFO  o.s.boot.tomcat.TomcatWebServer - Tomcat started on port 8080 (http) with context path '/'
2026-04-10 15:40:06 [main] INFO  org.example.demo.DemoApplication - Started DemoApplication in 11.743 seconds (process running for 12.756)
2026-04-10 15:40:06 [main] WARN  o.s.c.events.SpringDocAppInitializer - SpringDoc /v3/api-docs endpoint is enabled by default. To disable it in production, set the property 'springdoc.api-docs.enabled=false'
2026-04-10 15:40:06 [main] WARN  o.s.c.events.SpringDocAppInitializer - SpringDoc /swagger-ui.html endpoint is enabled by default. To disable it in production, set the property 'springdoc.swagger-ui.enabled=false'
2026-04-10 15:40:13 [http-nio-8080-exec-1] INFO  o.a.c.c.C.[Tomcat].[localhost].[/] - Initializing Spring DispatcherServlet 'dispatcherServlet'
2026-04-10 15:40:13 [http-nio-8080-exec-1] INFO  o.s.web.servlet.DispatcherServlet - Initializing Servlet 'dispatcherServlet'
2026-04-10 15:40:13 [http-nio-8080-exec-1] INFO  o.s.web.servlet.DispatcherServlet - Completed initialization in 2 ms
2026-04-10 15:40:13 [http-nio-8080-exec-1] INFO  o.e.demo.exception.ExceptionHandling - MethodArgumentNotValidException at API: /products | Method: GET| fields: [size, page] | message: [Failed to convert value '2.3' for field 'size', Failed to convert value '1.7' for field 'page']
2026-04-10 15:41:30 [http-nio-8080-exec-6] INFO  o.e.demo.exception.ExceptionHandling - MethodArgumentNotValidException at API: /auth/register | Method: POST| fields: [email, username] | message: [Email không hợp lệ., Tên tài khoản không được để trống.]
2026-04-10 15:42:11 [http-nio-8080-exec-8] INFO  o.e.demo.exception.ExceptionHandling - MethodArgumentNotValidException at API: /auth/register | Method: POST| fields: [email, username] | message: [Email is not valid., Username is required.]
2026-04-10 15:50:13 [SpringApplicationShutdownHook] INFO  o.s.boot.tomcat.GracefulShutdown - Commencing graceful shutdown. Waiting for active requests to complete
2026-04-10 15:50:13 [tomcat-shutdown] INFO  o.s.boot.tomcat.GracefulShutdown - Graceful shutdown complete
2026-04-10 15:50:13 [SpringApplicationShutdownHook] INFO  o.s.o.j.LocalContainerEntityManagerFactoryBean - Closing JPA EntityManagerFactory for persistence unit 'default'
2026-04-10 15:50:13 [SpringApplicationShutdownHook] INFO  com.zaxxer.hikari.HikariDataSource - HikariPool-1 - Shutdown initiated...
2026-04-10 15:50:13 [SpringApplicationShutdownHook] INFO  com.zaxxer.hikari.HikariDataSource - HikariPool-1 - Shutdown completed.
